INSERT INTO anjob.COU_MST VALUES ( DEFAULT ,'่ณ๏ฝญ่๏ฝฝ','86','0', NOW() ,'SYSTEM', NOW() , NULL);
INSERT INTO anjob.COU_MST VALUES ( DEFAULT ,'่ญ๏ฝฅ่ญ๏ฝฌ','81','0', NOW() ,'SYSTEM', NOW() , NULL);
INSERT INTO anjob.COU_MST VALUES ( DEFAULT ,'้ฌฅๅ๏ฝธ๏ฝฏ','852','0', NOW() ,'SYSTEM', NOW() , NULL);
INSERT INTO anjob.COU_MST VALUES ( DEFAULT ,'่ฟ๏ฝฐ่ฒ๏ฝพ','886','0', NOW() ,'SYSTEM', NOW() , NULL);
INSERT INTO anjob.COU_MST VALUES ( DEFAULT ,'็นง๏ฝข็น๏ฝก็น๏ฝช็นง๏ฝซ (่ญ๏ฝฌ่จใป','1','0', NOW() ,'SYSTEM', NOW() , NULL);
INSERT INTO anjob.COU_MST VALUES ( DEFAULT ,'้ซป็ๅต','82','0', NOW() ,'SYSTEM', NOW() , NULL);
INSERT INTO anjob.COU_MST VALUES ( DEFAULT ,'็นง๏ฝฟ็นง๏ฝค','66','0', NOW() ,'SYSTEM', NOW() , NULL);
INSERT INTO anjob.COU_MST VALUES ( DEFAULT ,'็นๅถใจ็น็ฟซฮ','84','0', NOW() ,'SYSTEM', NOW() , NULL);
INSERT INTO anjob.COU_MST VALUES ( DEFAULT ,'็น๏ฝญ็นง๏ฝท็นง๏ฝข้จพ๏ฝฃ้ฉ๏ฝฆ','7','0', NOW() ,'SYSTEM', NOW() , NULL);
INSERT INTO anjob.COU_MST VALUES ( DEFAULT ,'็นๅณจใ็นใป,'49','0', NOW() ,'SYSTEM', NOW() , NULL);
INSERT INTO anjob.COU_MST VALUES ( DEFAULT ,'็นง๏ฝค็น๏ฝณ็นใป,'91','0', NOW() ,'SYSTEM', NOW() , NULL);
INSERT INTO anjob.COU_MST VALUES ( DEFAULT ,'็นง๏ฝค็นง๏ฝฎ็น๏ฝช็นง๏ฝน','44','0', NOW() ,'SYSTEM', NOW() , NULL);
INSERT INTO anjob.COU_MST VALUES ( DEFAULT ,'็นง๏ฝช็น๏ฝผ็นง๏ฝน็นๅปฮ็น๏ฝช็นง๏ฝข','61','0', NOW() ,'SYSTEM', NOW() , NULL);
INSERT INTO anjob.COU_MST VALUES ( DEFAULT ,'่น็ฒๆ้ญ๏ฝฎ (่ญๆ๏ฝฎ๏ฝฎ่ฑๅฐ๏ฝธ๏ฝป่ณ๏ฝป้๏ฝฉ่๏ฝบ่ฑๅคงใป่ฅๆๅต)','850','0', NOW() ,'SYSTEM', NOW() , NULL);
INSERT INTO anjob.COU_MST VALUES ( DEFAULT ,'็นง๏ฝข็นง๏ฝค็นง๏ฝน็น๏ฝฉ็น๏ฝณ็นใป,'354','0', NOW() ,'SYSTEM', NOW() , NULL);
INSERT INTO anjob.COU_MST VALUES ( DEFAULT ,'็นง๏ฝข็นง๏ฝค็น๏ฝซ็น๏ฝฉ็น๏ฝณ็นใป,'353','0', NOW() ,'SYSTEM', NOW() , NULL);
INSERT INTO anjob.COU_MST VALUES ( DEFAULT ,'็นง๏ฝข็นง๏ฝผ็น๏ฝซ็น่ใ็นง๏ฝธ็น๏ฝฃ็น๏ฝณ','994','0', NOW() ,'SYSTEM', NOW() , NULL);
INSERT INTO anjob.COU_MST VALUES ( DEFAULT ,'็นง๏ฝข็นง๏ฝป็น๏ฝณ็นง๏ฝท็น๏ฝง็น๏ฝณ่ฒ๏ฝถ','247','0', NOW() ,'SYSTEM', NOW() , NULL);
INSERT INTO anjob.COU_MST VALUES ( DEFAULT ,'็นง๏ฝข็นง๏ฝพ็น๏ฝฌ็นง๏ฝน้ฒ๏ฝธ่ฒ๏ฝถ','351','0', NOW() ,'SYSTEM', NOW() , NULL);
INSERT INTO anjob.COU_MST VALUES ( DEFAULT ,'็นง๏ฝข็น่ผใ็นไนใ็นง๏ฝฟ็น๏ฝณ','93','0', NOW() ,'SYSTEM', NOW() , NULL);
INSERT INTO anjob.COU_MST VALUES ( DEFAULT ,'็นง๏ฝข็น๏ฝฉ็นง๏ฝน็นง๏ฝซ','1','0', NOW() ,'SYSTEM', NOW() , NULL);
INSERT INTO anjob.COU_MST VALUES ( DEFAULT ,'้๏ฝณ้ฌๅฅใ็น๏ฝข็นง๏ฝข','1-684','0', NOW() ,'SYSTEM', NOW() , NULL);
INSERT INTO anjob.COU_MST VALUES ( DEFAULT ,'้๏ฝณ้ฌๅฅใฐ็น๏ฝผ็นง๏ฝธ็น๏ฝณ้ฒ๏ฝธ่ฒ๏ฝถ','1','0', NOW() ,'SYSTEM', NOW() , NULL);
INSERT INTO anjob.COU_MST VALUES ( DEFAULT ,'็นง๏ฝข็น๏ฝฉ็นๅค๏ฝฆๅค่่๏ฝฝ้จพ๏ฝฃ้ฉ๏ฝฆ','971','0', NOW() ,'SYSTEM', NOW() , NULL);
INSERT INTO anjob.COU_MST VALUES ( DEFAULT ,'็นง๏ฝข็น๏ฝซ็นง๏ฝธ็นง๏ฝง็น๏ฝช็นง๏ฝข','213','0', NOW() ,'SYSTEM', NOW() , NULL);
INSERT INTO anjob.COU_MST VALUES ( DEFAULT ,'็นง๏ฝข็น๏ฝซ็นง๏ฝผ็น๏ฝณ็นโฮฆ','54','0', NOW() ,'SYSTEM', NOW() , NULL);
INSERT INTO anjob.COU_MST VALUES ( DEFAULT ,'็นง๏ฝข็น๏ฝซ็นใป,'297','0', NOW() ,'SYSTEM', NOW() , NULL);
INSERT INTO anjob.COU_MST VALUES ( DEFAULT ,'็นง๏ฝข็น๏ฝซ็น่ใซ็นง๏ฝข','355','0', NOW() ,'SYSTEM', NOW() , NULL);
INSERT INTO anjob.COU_MST VALUES ( DEFAULT ,'็นง๏ฝข็น๏ฝซ็น๏ฝก็นไนใ','374','0', NOW() ,'SYSTEM', NOW() , NULL);
INSERT INTO anjob.COU_MST VALUES ( DEFAULT ,'็นง๏ฝข็น๏ฝณ็นง๏ฝฎ็น๏ฝฉ','1','0', NOW() ,'SYSTEM', NOW() , NULL);
INSERT INTO anjob.COU_MST VALUES ( DEFAULT ,'็นง๏ฝข็น๏ฝณ็นง๏ฝด็น๏ฝฉ','244','0', NOW() ,'SYSTEM', NOW() , NULL);
INSERT INTO anjob.COU_MST VALUES ( DEFAULT ,'็นง๏ฝข็น๏ฝณ็นใปใ็นง๏ฝฐ็นง๏ฝข็น๏ฝป็น่ใป็นๆถใป็น','1','0', NOW() ,'SYSTEM', NOW() , NULL);
INSERT INTO anjob.COU_MST VALUES ( DEFAULT ,'็นง๏ฝข็น๏ฝณ็นๅณจฮ','376','0', NOW() ,'SYSTEM', NOW() , NULL);
INSERT INTO anjob.COU_MST VALUES ( DEFAULT ,'็นง๏ฝค็นง๏ฝจ็น๏ฝก็น๏ฝณ','967','0', NOW() ,'SYSTEM', NOW() , NULL);
INSERT INTO anjob.COU_MST VALUES ( DEFAULT ,'้๏ฝฑ้ฌๅฅใฐ็น๏ฝผ็นง๏ฝธ็น๏ฝณ้ฒ๏ฝธ่ฒ๏ฝถ','1','0', NOW() ,'SYSTEM', NOW() , NULL);
INSERT INTO anjob.COU_MST VALUES ( DEFAULT ,'็นง๏ฝค็นง๏ฝน็น๏ฝฉ็นง๏ฝจ็น๏ฝซ','972','0', NOW() ,'SYSTEM', NOW() , NULL);
INSERT INTO anjob.COU_MST VALUES ( DEFAULT ,'็นง๏ฝค็นง๏ฝฟ็น๏ฝช็นง๏ฝข','39','0', NOW() ,'SYSTEM', NOW() , NULL);
INSERT INTO anjob.COU_MST VALUES ( DEFAULT ,'็นง๏ฝค็น๏ฝฉ็นง๏ฝฏ','964','0', NOW() ,'SYSTEM', NOW() , NULL);
INSERT INTO anjob.COU_MST VALUES ( DEFAULT ,'็นง๏ฝค็น๏ฝฉ็น๏ฝณ','98','0', NOW() ,'SYSTEM', NOW() , NULL);
INSERT INTO anjob.COU_MST VALUES ( DEFAULT ,'็นง๏ฝค็น๏ฝณ็นๅณจใญ็นง๏ฝท็นง๏ฝข','62','0', NOW() ,'SYSTEM', NOW() , NULL);
INSERT INTO anjob.COU_MST VALUES ( DEFAULT ,'็นง๏ฝฆ็นง๏ฝฌ็น๏ฝณ็น','256','0', NOW() ,'SYSTEM', NOW() , NULL);
INSERT INTO anjob.COU_MST VALUES ( DEFAULT ,'็นง๏ฝฆ็นง๏ฝฏ็น๏ฝฉ็นง๏ฝค็นใป,'380','0', NOW() ,'SYSTEM', NOW() , NULL);
INSERT INTO anjob.COU_MST VALUES ( DEFAULT ,'็นง๏ฝฆ็นง๏ฝบ็นๅถใ็นง๏ฝน็นง๏ฝฟ็น๏ฝณ','998','0', NOW() ,'SYSTEM', NOW() , NULL);
INSERT INTO anjob.COU_MST VALUES ( DEFAULT ,'็นง๏ฝฆ็น๏ฝซ็นง๏ฝฐ็นง๏ฝข็นง๏ฝค','598','0', NOW() ,'SYSTEM', NOW() , NULL);
INSERT INTO anjob.COU_MST VALUES ( DEFAULT ,'็นง๏ฝจ็นง๏ฝฏ็นง๏ฝข็นๅณจฮ','593','0', NOW() ,'SYSTEM', NOW() , NULL);
INSERT INTO anjob.COU_MST VALUES ( DEFAULT ,'็นง๏ฝจ็นง๏ฝธ็นๅฑใจ','20','0', NOW() ,'SYSTEM', NOW() , NULL);
INSERT INTO anjob.COU_MST VALUES ( DEFAULT ,'็นง๏ฝจ็นง๏ฝน็นๅปใซ็นง๏ฝข','372','0', NOW() ,'SYSTEM', NOW() , NULL);
INSERT INTO anjob.COU_MST VALUES ( DEFAULT ,'็นง๏ฝจ็นโใ็นๆใ','251','0', NOW() ,'SYSTEM', NOW() , NULL);
INSERT INTO anjob.COU_MST VALUES ( DEFAULT ,'็นง๏ฝจ็น๏ฝช็นๅปฮ็นง๏ฝข','291','0', NOW() ,'SYSTEM', NOW() , NULL);
INSERT INTO anjob.COU_MST VALUES ( DEFAULT ,'็นง๏ฝจ็น๏ฝซ็นง๏ฝต็น๏ฝซ็น่ใฉ็น๏ฝซ','503','0', NOW() ,'SYSTEM', NOW() , NULL);
INSERT INTO anjob.COU_MST VALUES ( DEFAULT ,'็นง๏ฝช็น๏ฝผ็นง๏ฝน็นๅปฮ็นง๏ฝข','43','0', NOW() ,'SYSTEM', NOW() , NULL);
INSERT INTO anjob.COU_MST VALUES ( DEFAULT ,'็นง๏ฝช็นๆงญใป็น๏ฝณ','968','0', NOW() ,'SYSTEM', NOW() , NULL);
INSERT INTO anjob.COU_MST VALUES ( DEFAULT ,'็นง๏ฝช็น๏ฝฉ็น๏ฝณ็น','31','0', NOW() ,'SYSTEM', NOW() , NULL);
INSERT INTO anjob.COU_MST VALUES ( DEFAULT ,'็นง๏ฝช็น๏ฝฉ็น๏ฝณ็น้ฌๅฅใ็น๏ฝณ็นใปใ็น๏ฝผ็น๏ฝซ','599','0', NOW() ,'SYSTEM', NOW() , NULL);
INSERT INTO anjob.COU_MST VALUES ( DEFAULT ,'็นง๏ฝฌ็น๏ฝผ็นใป,'233','0', NOW() ,'SYSTEM', NOW() , NULL);
INSERT INTO anjob.COU_MST VALUES ( DEFAULT ,'็นง๏ฝซ็น๏ฝผ็นๆใป็น๏ฝซ็นใป,'238','0', NOW() ,'SYSTEM', NOW() , NULL);
INSERT INTO anjob.COU_MST VALUES ( DEFAULT ,'็นง๏ฝฌ็นง๏ฝค็นง๏ฝข็นใป,'592','0', NOW() ,'SYSTEM', NOW() , NULL);
INSERT INTO anjob.COU_MST VALUES ( DEFAULT ,'็นง๏ฝซ็นง๏ฝถ็น่ผใ็นง๏ฝฟ็น๏ฝณ','7','0', NOW() ,'SYSTEM', NOW() , NULL);
INSERT INTO anjob.COU_MST VALUES ( DEFAULT ,'็นง๏ฝซ็นง๏ฝฟ็น๏ฝผ็น๏ฝซ','974','0', NOW() ,'SYSTEM', NOW() , NULL);
INSERT INTO anjob.COU_MST VALUES ( DEFAULT ,'็นง๏ฝซ็น็ฟซใ','1','0', NOW() ,'SYSTEM', NOW() , NULL);
INSERT INTO anjob.COU_MST VALUES ( DEFAULT ,'็นง๏ฝซ็น็ฟซฮ็นง๏ฝข้ฒ๏ฝธ่ฒ๏ฝถ','34','0', NOW() ,'SYSTEM', NOW() , NULL);
INSERT INTO anjob.COU_MST VALUES ( DEFAULT ,'็นง๏ฝฌ็นๆฮฆ','241','0', NOW() ,'SYSTEM', NOW() , NULL);
INSERT INTO anjob.COU_MST VALUES ( DEFAULT ,'็นง๏ฝซ็น๏ฝก็น๏ฝซ็น๏ฝผ็น๏ฝณ','237','0', NOW() ,'SYSTEM', NOW() , NULL);
INSERT INTO anjob.COU_MST VALUES ( DEFAULT ,'็นง๏ฝฌ็น๏ฝณ็น่ใ','220','0', NOW() ,'SYSTEM', NOW() , NULL);
INSERT INTO anjob.COU_MST VALUES ( DEFAULT ,'็นง๏ฝซ็น๏ฝณ็นๆใ็นง๏ฝข','855','0', NOW() ,'SYSTEM', NOW() , NULL);
INSERT INTO anjob.COU_MST VALUES ( DEFAULT ,'็นง๏ฝฎ็นไนใ','224','0', NOW() ,'SYSTEM', NOW() , NULL);
INSERT INTO anjob.COU_MST VALUES ( DEFAULT ,'็นง๏ฝฎ็นไนใ็น่ใ็นง๏ฝฆ','245','0', NOW() ,'SYSTEM', NOW() , NULL);
INSERT INTO anjob.COU_MST VALUES ( DEFAULT ,'็นง๏ฝญ็นๅฑฮ็นง๏ฝน','357','0', NOW() ,'SYSTEM', NOW() , NULL);
INSERT INTO anjob.COU_MST VALUES ( DEFAULT ,'็นง๏ฝญ็น๏ฝฅ็น๏ฝผ็นใป,'53','0', NOW() ,'SYSTEM', NOW() , NULL);
INSERT INTO anjob.COU_MST VALUES ( DEFAULT ,'็นง๏ฝฎ็น๏ฝช็นง๏ฝท็นง๏ฝข','30','0', NOW() ,'SYSTEM', NOW() , NULL);
INSERT INTO anjob.COU_MST VALUES ( DEFAULT ,'็นง๏ฝญ็น๏ฝช็น่ใ','686','0', NOW() ,'SYSTEM', NOW() , NULL);
INSERT INTO anjob.COU_MST VALUES ( DEFAULT ,'็นง๏ฝญ็น๏ฝซ็นง๏ฝฎ็นง๏ฝน็นง๏ฝฟ็น๏ฝณ','996','0', NOW() ,'SYSTEM', NOW() , NULL);
INSERT INTO anjob.COU_MST VALUES ( DEFAULT ,'็นง๏ฝฐ็นง๏ฝข็นใปใป็น๏ฝฉ','502','0', NOW() ,'SYSTEM', NOW() , NULL);
INSERT INTO anjob.COU_MST VALUES ( DEFAULT ,'็นง๏ฝฐ็นง๏ฝข็นๅณจฮ็น๏ฝผ็นๆ๏ฝณ๏ฝถ','590','0', NOW() ,'SYSTEM', NOW() , NULL);
INSERT INTO anjob.COU_MST VALUES ( DEFAULT ,'็นง๏ฝฐ็นง๏ฝข็น','1','0', NOW() ,'SYSTEM', NOW() , NULL);
INSERT INTO anjob.COU_MST VALUES ( DEFAULT ,'็นง๏ฝฏ็นง๏ฝฆ็นง๏ฝง็น๏ฝผ็นใป,'965','0', NOW() ,'SYSTEM', NOW() , NULL);
INSERT INTO anjob.COU_MST VALUES ( DEFAULT ,'็นง๏ฝฏ็นใปใ้ฒ๏ฝธ่ฒ๏ฝถ','682','0', NOW() ,'SYSTEM', NOW() , NULL);
INSERT INTO anjob.COU_MST VALUES ( DEFAULT ,'็นง๏ฝฐ็น๏ฝช็น๏ฝผ็น๏ฝณ็น๏ฝฉ็น๏ฝณ็นใป,'299','0', NOW() ,'SYSTEM', NOW() , NULL);
INSERT INTO anjob.COU_MST VALUES ( DEFAULT ,'็นง๏ฝฏ็น๏ฝช็นง๏ฝน็นๆงญใ่ฒ๏ฝถ','61','0', NOW() ,'SYSTEM', NOW() , NULL);
INSERT INTO anjob.COU_MST VALUES ( DEFAULT ,'็นง๏ฝฐ็น๏ฝฌ็น็ฟซใ','1','0', NOW() ,'SYSTEM', NOW() , NULL);
INSERT INTO anjob.COU_MST VALUES ( DEFAULT ,'็นง๏ฝฏ็น๏ฝญ็นง๏ฝข็นโใ','385','0', NOW() ,'SYSTEM', NOW() , NULL);
INSERT INTO anjob.COU_MST VALUES ( DEFAULT ,'็นง๏ฝฑ็นง๏ฝค็นๆงญฮฆ้ฒ๏ฝธ่ฒ๏ฝถ','1','0', NOW() ,'SYSTEM', NOW() , NULL);
INSERT INTO anjob.COU_MST VALUES ( DEFAULT ,'็นง๏ฝฑ็นไนใ','254','0', NOW() ,'SYSTEM', NOW() , NULL);
INSERT INTO anjob.COU_MST VALUES ( DEFAULT ,'็นง๏ฝณ็น๏ฝผ็นๅปใ็นๆฮก็น๏ฝผ็น๏ฝซ','225','0', NOW() ,'SYSTEM', NOW() , NULL);
INSERT INTO anjob.COU_MST VALUES ( DEFAULT ,'็นง๏ฝณ็นง๏ฝณ็นง๏ฝน้ฒ๏ฝธ่ฒ๏ฝถ','61','0', NOW() ,'SYSTEM', NOW() , NULL);
INSERT INTO anjob.COU_MST VALUES ( DEFAULT ,'็นง๏ฝณ็นง๏ฝน็นง๏ฝฟ็น๏ฝช็นง๏ฝซ','506','0', NOW() ,'SYSTEM', NOW() , NULL);
INSERT INTO anjob.COU_MST VALUES ( DEFAULT ,'็นง๏ฝณ็นง๏ฝฝ็นใป,'383','0', NOW() ,'SYSTEM', NOW() , NULL);
INSERT INTO anjob.COU_MST VALUES ( DEFAULT ,'็นง๏ฝณ็น๏ฝข็น๏ฝญ','269','0', NOW() ,'SYSTEM', NOW() , NULL);
INSERT INTO anjob.COU_MST VALUES ( DEFAULT ,'็นง๏ฝณ็น๏ฝญ็น๏ฝณ็น่ใ','57','0', NOW() ,'SYSTEM', NOW() , NULL);
INSERT INTO anjob.COU_MST VALUES ( DEFAULT ,'็นง๏ฝณ็น๏ฝณ็นง๏ฝด','242','0', NOW() ,'SYSTEM', NOW() , NULL);
INSERT INTO anjob.COU_MST VALUES ( DEFAULT ,'็นง๏ฝณ็น๏ฝณ็นง๏ฝด่ฑๅฐ๏ฝธ๏ฝป่๏ฝฑ่ฅๆๅต','243','0', NOW() ,'SYSTEM', NOW() , NULL);
INSERT INTO anjob.COU_MST VALUES ( DEFAULT ,'็นง๏ฝต็นง๏ฝค็นไปฃฮฆ','1','0', NOW() ,'SYSTEM', NOW() , NULL);
INSERT INTO anjob.COU_MST VALUES ( DEFAULT ,'็นง๏ฝต็นง๏ฝฆ็นง๏ฝธ็นง๏ฝข็น๏ฝฉ็น่ใ','966','0', NOW() ,'SYSTEM', NOW() , NULL);
INSERT INTO anjob.COU_MST VALUES ( DEFAULT ,'็นง๏ฝต็น๏ฝข็นง๏ฝข','685','0', NOW() ,'SYSTEM', NOW() , NULL);
INSERT INTO anjob.COU_MST VALUES ( DEFAULT ,'็นง๏ฝต็น๏ฝณ็นๅปฮ็น๏ฝป็นๅฑฮ็น๏ฝณ็นง๏ฝท็นใป,'239','0', NOW() ,'SYSTEM', NOW() , NULL);
INSERT INTO anjob.COU_MST VALUES ( DEFAULT ,'็นง๏ฝถ็น๏ฝณ็น่ใ','260','0', NOW() ,'SYSTEM', NOW() , NULL);
INSERT INTO anjob.COU_MST VALUES ( DEFAULT ,'็นง๏ฝต็น๏ฝณ็นๆใ็น๏ฝผ็น๏ฝซ่ฒ๏ฝถ็น๏ฝป็นๆบใ็น๏ฝญ็น๏ฝณ่ฒ๏ฝถ','508','0', NOW() ,'SYSTEM', NOW() , NULL);
INSERT INTO anjob.COU_MST VALUES ( DEFAULT ,'็นง๏ฝต็น๏ฝณ็นๆงญฮ็นใป,'378','0', NOW() ,'SYSTEM', NOW() , NULL);
INSERT INTO anjob.COU_MST VALUES ( DEFAULT ,'็นง๏ฝท็นง๏ฝจ็น๏ฝฉ็น๏ฝฌ็นง๏ฝช็นใป,'232','0', NOW() ,'SYSTEM', NOW() , NULL);
INSERT INTO anjob.COU_MST VALUES ( DEFAULT ,'็นง๏ฝธ็นๆถใก','253','0', NOW() ,'SYSTEM', NOW() , NULL);
INSERT INTO anjob.COU_MST VALUES ( DEFAULT ,'็นง๏ฝธ็นๆถฮ็น๏ฝซ็นง๏ฝฟ็น๏ฝซ','350','0', NOW() ,'SYSTEM', NOW() , NULL);
INSERT INTO anjob.COU_MST VALUES ( DEFAULT ,'็นง๏ฝธ็น๏ฝฃ็นๆงญใ็นง๏ฝซ','1','0', NOW() ,'SYSTEM', NOW() , NULL);
INSERT INTO anjob.COU_MST VALUES ( DEFAULT ,'็นง๏ฝธ็น๏ฝง็น๏ฝผ็นง๏ฝธ็นง๏ฝข','995','0', NOW() ,'SYSTEM', NOW() , NULL);
INSERT INTO anjob.COU_MST VALUES ( DEFAULT ,'็นง๏ฝท็น๏ฝช็นง๏ฝข','963','0', NOW() ,'SYSTEM', NOW() , NULL);
INSERT INTO anjob.COU_MST VALUES ( DEFAULT ,'็นง๏ฝท็น๏ฝณ็นง๏ฝฌ็นๆดใป็น๏ฝซ','65','0', NOW() ,'SYSTEM', NOW() , NULL);
INSERT INTO anjob.COU_MST VALUES ( DEFAULT ,'็นง๏ฝธ็น๏ฝณ็น่ใถ็นง๏ฝจ','263','0', NOW() ,'SYSTEM', NOW() , NULL);
INSERT INTO anjob.COU_MST VALUES ( DEFAULT ,'็นง๏ฝน็นง๏ฝค็นง๏ฝน','41','0', NOW() ,'SYSTEM', NOW() , NULL);
INSERT INTO anjob.COU_MST VALUES ( DEFAULT ,'็นง๏ฝน็นง๏ฝฆ็นง๏ฝง็น๏ฝผ็นใปฮฆ','46','0', NOW() ,'SYSTEM', NOW() , NULL);
INSERT INTO anjob.COU_MST VALUES ( DEFAULT ,'็นง๏ฝน็น๏ฝผ็น็น๏ฝณ','249','0', NOW() ,'SYSTEM', NOW() , NULL);
INSERT INTO anjob.COU_MST VALUES ( DEFAULT ,'็นง๏ฝน็นๅฃนใ็น๏ฝณ','34','0', NOW() ,'SYSTEM', NOW() , NULL);
INSERT INTO anjob.COU_MST VALUES ( DEFAULT ,'็นง๏ฝน็นๅฃนใ็น๏ฝณ้ฌไผๅ็นง๏ฝข็น่ผฮ็นง๏ฝซ','34','0', NOW() ,'SYSTEM', NOW() , NULL);
INSERT INTO anjob.COU_MST VALUES ( DEFAULT ,'็นง๏ฝน็น๏ฝฉ็น๏ฝผ็น๏ฝค็น๏ฝผ็นใปฮ็นง๏ฝณ็น','88216','0', NOW() ,'SYSTEM', NOW() , NULL);
INSERT INTO anjob.COU_MST VALUES ( DEFAULT ,'็นง๏ฝน็น๏ฝช็น็ฟซฮ','597','0', NOW() ,'SYSTEM', NOW() , NULL);
INSERT INTO anjob.COU_MST VALUES ( DEFAULT ,'็นง๏ฝน็น๏ฝช็น๏ฝฉ็น๏ฝณ็นง๏ฝซ','94','0', NOW() ,'SYSTEM', NOW() , NULL);
INSERT INTO anjob.COU_MST VALUES ( DEFAULT ,'็นง๏ฝน็น๏ฝญ็น่ใ็นง๏ฝข','421','0', NOW() ,'SYSTEM', NOW() , NULL);
INSERT INTO anjob.COU_MST VALUES ( DEFAULT ,'็นง๏ฝน็น๏ฝญ็นๅถใซ็นง๏ฝข','386','0', NOW() ,'SYSTEM', NOW() , NULL);
INSERT INTO anjob.COU_MST VALUES ( DEFAULT ,'็นง๏ฝน็น๏ฝฏ็นง๏ฝธ็น๏ฝฉ็น๏ฝณ็นใป,'268','0', NOW() ,'SYSTEM', NOW() , NULL);
INSERT INTO anjob.COU_MST VALUES ( DEFAULT ,'่ฅ๏ฝค้ฉ่ใ็นไนใ','240','0', NOW() ,'SYSTEM', NOW() , NULL);
INSERT INTO anjob.COU_MST VALUES ( DEFAULT ,'็นง๏ฝป็น้ชใ็น๏ฝซ','221','0', NOW() ,'SYSTEM', NOW() , NULL);
INSERT INTO anjob.COU_MST VALUES ( DEFAULT ,'็นง๏ฝป็น๏ฝซ็น่ใ','381','0', NOW() ,'SYSTEM', NOW() , NULL);
INSERT INTO anjob.COU_MST VALUES ( DEFAULT ,'็นง๏ฝป็น๏ฝณ็นๅปใ็น๏ฝช็นง๏ฝน็นๅปใต็นง๏ฝก็น๏ฝผ็น๏ฝป็น้ชใ็น่ใ','1','0', NOW() ,'SYSTEM', NOW() , NULL);
INSERT INTO anjob.COU_MST VALUES ( DEFAULT ,'็นง๏ฝป็น๏ฝณ็นๅปใณ็น๏ฝณ็นง๏ฝป็น๏ฝณ็นๅปโ็นงๅปใป็นง๏ฝฐ็น๏ฝฌ็น็ฟซใง็นง๏ฝฃ็น๏ฝผ็น๏ฝณ้ฒ๏ฝธ่ฒ๏ฝถ','1','0', NOW() ,'SYSTEM', NOW() , NULL);
INSERT INTO anjob.COU_MST VALUES ( DEFAULT ,'็นง๏ฝป็น๏ฝณ็นๅปใป็น๏ฝฌ็น้๏ฝณ๏ฝถ','290','0', NOW() ,'SYSTEM', NOW() , NULL);
INSERT INTO anjob.COU_MST VALUES ( DEFAULT ,'็นง๏ฝป็น๏ฝณ็นๅปฮ็นง๏ฝท็นง๏ฝข','1','0', NOW() ,'SYSTEM', NOW() , NULL);
INSERT INTO anjob.COU_MST VALUES ( DEFAULT ,'็นง๏ฝฝ็นๆงญฮ็นง๏ฝข','252','0', NOW() ,'SYSTEM', NOW() , NULL);
INSERT INTO anjob.COU_MST VALUES ( DEFAULT ,'็นง๏ฝฝ็น๏ฝญ็น๏ฝข็น๏ฝณ้ฒ๏ฝธ่ฒ๏ฝถ','677','0', NOW() ,'SYSTEM', NOW() , NULL);
INSERT INTO anjob.COU_MST VALUES ( DEFAULT ,'็นง๏ฝฟ็น๏ฝผ็นง๏ฝฏ็นง๏ฝน้ฒ๏ฝธ่ฒ๏ฝถ็น๏ฝป็นง๏ฝซ็นง๏ฝค็นง๏ฝณ็นง๏ฝน้ฒ๏ฝธ่ฒ๏ฝถ','1','0', NOW() ,'SYSTEM', NOW() , NULL);
INSERT INTO anjob.COU_MST VALUES ( DEFAULT ,'็นง๏ฝฟ็นง๏ฝธ็นง๏ฝญ็นง๏ฝน็นง๏ฝฟ็น๏ฝณ','992','0', NOW() ,'SYSTEM', NOW() , NULL);
INSERT INTO anjob.COU_MST VALUES ( DEFAULT ,'็นง๏ฝฟ็น๏ฝณ็นง๏ฝถ็นไนใ','255','0', NOW() ,'SYSTEM', NOW() , NULL);
INSERT INTO anjob.COU_MST VALUES ( DEFAULT ,'็นโใ็นง๏ฝณ','420','0', NOW() ,'SYSTEM', NOW() , NULL);
INSERT INTO anjob.COU_MST VALUES ( DEFAULT ,'็นโฮ็นใป,'235','0', NOW() ,'SYSTEM', NOW() , NULL);
INSERT INTO anjob.COU_MST VALUES ( DEFAULT ,'่ณ๏ฝญ่๏ฝฎ็นง๏ฝข็น่ผฮ็นง๏ฝซ','236','0', NOW() ,'SYSTEM', NOW() , NULL);
INSERT INTO anjob.COU_MST VALUES ( DEFAULT ,'็นโฮ็นไนใ็นง๏ฝข','216','0', NOW() ,'SYSTEM', NOW() , NULL);
INSERT INTO anjob.COU_MST VALUES ( DEFAULT ,'็นโฮ','56','0', NOW() ,'SYSTEM', NOW() , NULL);
INSERT INTO anjob.COU_MST VALUES ( DEFAULT ,'็นใปใฐ็น๏ฝซ','688','0', NOW() ,'SYSTEM', NOW() , NULL);
INSERT INTO anjob.COU_MST VALUES ( DEFAULT ,'็นใปฮฆ็นๆงญใป็นง๏ฝฏ','45','0', NOW() ,'SYSTEM', NOW() , NULL);
INSERT INTO anjob.COU_MST VALUES ( DEFAULT ,'็นๅปใป็นง๏ฝด','228','0', NOW() ,'SYSTEM', NOW() , NULL);
INSERT INTO anjob.COU_MST VALUES ( DEFAULT ,'็นๅปใ็น๏ฝฉ็นง๏ฝฆ้ฒ๏ฝธ่ฒ๏ฝถ','690','0', NOW() ,'SYSTEM', NOW() , NULL);
INSERT INTO anjob.COU_MST VALUES ( DEFAULT ,'็นๅณจฮ็นไนใ','1','0', NOW() ,'SYSTEM', NOW() , NULL);
INSERT INTO anjob.COU_MST VALUES ( DEFAULT ,'็นๅณจฮ็นไนใ่๏ฝฑ่ฅๆๅต','1','0', NOW() ,'SYSTEM', NOW() , NULL);
INSERT INTO anjob.COU_MST VALUES ( DEFAULT ,'็นๅปฮ็นไนใ็น๏ฝผ็นๅณจใป็นๅปใฐ็นง๏ฝด','1','0', NOW() ,'SYSTEM', NOW() , NULL);
INSERT INTO anjob.COU_MST VALUES ( DEFAULT ,'็นๅปฮ็นง๏ฝฏ็น๏ฝก็นไนใ็นง๏ฝฟ็น๏ฝณ','993','0', NOW() ,'SYSTEM', NOW() , NULL);
INSERT INTO anjob.COU_MST VALUES ( DEFAULT ,'็นๅปฮ็นง๏ฝณ','90','0', NOW() ,'SYSTEM', NOW() , NULL);
INSERT INTO anjob.COU_MST VALUES ( DEFAULT ,'็นๅปฮฆ็นง๏ฝฌ','676','0', NOW() ,'SYSTEM', NOW() , NULL);
INSERT INTO anjob.COU_MST VALUES ( DEFAULT ,'็น็ฟซใ็นง๏ฝธ็นง๏ฝง็น๏ฝช็นง๏ฝข','234','0', NOW() ,'SYSTEM', NOW() , NULL);
INSERT INTO anjob.COU_MST VALUES ( DEFAULT ,'็น็ฟซใ็น๏ฝซ','674','0', NOW() ,'SYSTEM', NOW() , NULL);
INSERT INTO anjob.COU_MST VALUES ( DEFAULT ,'็น็ฟซฮ็น่ใ','264','0', NOW() ,'SYSTEM', NOW() , NULL);
INSERT INTO anjob.COU_MST VALUES ( DEFAULT ,'็นไนใ็นง๏ฝจ','683','0', NOW() ,'SYSTEM', NOW() , NULL);
INSERT INTO anjob.COU_MST VALUES ( DEFAULT ,'็นไนใ็น๏ฝฉ็นง๏ฝฐ็นง๏ฝข','505','0', NOW() ,'SYSTEM', NOW() , NULL);
INSERT INTO anjob.COU_MST VALUES ( DEFAULT ,'็นไนใ็นง๏ฝง็น๏ฝผ็น๏ฝซ','227','0', NOW() ,'SYSTEM', NOW() , NULL);
INSERT INTO anjob.COU_MST VALUES ( DEFAULT ,'็นไนฮ็น๏ฝผ็นง๏ฝซ็น๏ฝฌ็นๅณจใซ็นง๏ฝข','687','0', NOW() ,'SYSTEM', NOW() , NULL);
INSERT INTO anjob.COU_MST VALUES ( DEFAULT ,'็นไนฮ็น๏ฝผ็นง๏ฝธ็น๏ฝผ็น๏ฝฉ็น๏ฝณ็นใป,'64','0', NOW() ,'SYSTEM', NOW() , NULL);
INSERT INTO anjob.COU_MST VALUES ( DEFAULT ,'็น้ชใฑ็น๏ฝผ็น๏ฝซ','977','0', NOW() ,'SYSTEM', NOW() , NULL);
INSERT INTO anjob.COU_MST VALUES ( DEFAULT ,'็นๅผฑใป็น่ผใ็น๏ฝผ็นง๏ฝฏ่ฒ๏ฝถ','672','0', NOW() ,'SYSTEM', NOW() , NULL);
INSERT INTO anjob.COU_MST VALUES ( DEFAULT ,'็นๅผฑฮ็นง๏ฝฆ็นง๏ฝง็น๏ฝผ','47','0', NOW() ,'SYSTEM', NOW() , NULL);
INSERT INTO anjob.COU_MST VALUES ( DEFAULT ,'็น่ใป็น๏ฝฌ็น๏ฝผ็น๏ฝณ','973','0', NOW() ,'SYSTEM', NOW() , NULL);
INSERT INTO anjob.COU_MST VALUES ( DEFAULT ,'็นไธใ็นใป,'509','0', NOW() ,'SYSTEM', NOW() , NULL);
INSERT INTO anjob.COU_MST VALUES ( DEFAULT ,'็นไปฃใ็นง๏ฝน็นง๏ฝฟ็น๏ฝณ','92','0', NOW() ,'SYSTEM', NOW() , NULL);
INSERT INTO anjob.COU_MST VALUES ( DEFAULT ,'็น่ใก็นง๏ฝซ็น๏ฝณ','39','0', NOW() ,'SYSTEM', NOW() , NULL);
INSERT INTO anjob.COU_MST VALUES ( DEFAULT ,'็นไปฃใช็นใป,'507','0', NOW() ,'SYSTEM', NOW() , NULL);
INSERT INTO anjob.COU_MST VALUES ( DEFAULT ,'็น่ใฌ็นง๏ฝข็นใป,'678','0', NOW() ,'SYSTEM', NOW() , NULL);
INSERT INTO anjob.COU_MST VALUES ( DEFAULT ,'็น่ใฏ็นใป,'1','0', NOW() ,'SYSTEM', NOW() , NULL);
INSERT INTO anjob.COU_MST VALUES ( DEFAULT ,'็นไปฃใป็นง๏ฝข็นไนฮ็น๏ฝผ็นง๏ฝฎ็นไนใ','675','0', NOW() ,'SYSTEM', NOW() , NULL);
INSERT INTO anjob.COU_MST VALUES ( DEFAULT ,'็น่ฮ็น๏ฝฅ็น๏ฝผ็น้ฒ๏ฝธ่ฒ๏ฝถ','1','0', NOW() ,'SYSTEM', NOW() , NULL);
INSERT INTO anjob.COU_MST VALUES ( DEFAULT ,'็นไปฃฮ็นง๏ฝช','680','0', NOW() ,'SYSTEM', NOW() , NULL);
INSERT INTO anjob.COU_MST VALUES ( DEFAULT ,'็นไปฃฮ็นง๏ฝฐ็นง๏ฝข็นง๏ฝค','595','0', NOW() ,'SYSTEM', NOW() , NULL);
INSERT INTO anjob.COU_MST VALUES ( DEFAULT ,'็น่ฮ็น่ใฉ็นง๏ฝน','1','0', NOW() ,'SYSTEM', NOW() , NULL);
INSERT INTO anjob.COU_MST VALUES ( DEFAULT ,'็นไธฮก็นง๏ฝค','1','0', NOW() ,'SYSTEM', NOW() , NULL);
INSERT INTO anjob.COU_MST VALUES ( DEFAULT ,'็นไธฮฆ็นง๏ฝฌ็น๏ฝช็น๏ฝผ','36','0', NOW() ,'SYSTEM', NOW() , NULL);
INSERT INTO anjob.COU_MST VALUES ( DEFAULT ,'็น่ฮฆ็นง๏ฝฐ็น๏ฝฉ็นใปใ็น๏ฝฅ','880','0', NOW() ,'SYSTEM', NOW() , NULL);
INSERT INTO anjob.COU_MST VALUES ( DEFAULT ,'่ญ๏ฝฑ็นใปใ็น๏ฝข็น๏ฝผ็น๏ฝซ','670','0', NOW() ,'SYSTEM', NOW() , NULL);
INSERT INTO anjob.COU_MST VALUES ( DEFAULT ,'็น่ผใ็นง๏ฝธ็น๏ฝผ','679','0', NOW() ,'SYSTEM', NOW() , NULL);
INSERT INTO anjob.COU_MST VALUES ( DEFAULT ,'็น่ผใ็น๏ฝช็นๆฮฆ','63','0', NOW() ,'SYSTEM', NOW() , NULL);
INSERT INTO anjob.COU_MST VALUES ( DEFAULT ,'็น่ผใ็น๏ฝณ็น๏ฝฉ็น๏ฝณ็นใป,'358','0', NOW() ,'SYSTEM', NOW() , NULL);
INSERT INTO anjob.COU_MST VALUES ( DEFAULT ,'็นๆถใป็นง๏ฝฟ็น๏ฝณ','975','0', NOW() ,'SYSTEM', NOW() , NULL);
INSERT INTO anjob.COU_MST VALUES ( DEFAULT ,'็นๅฑใ็น๏ฝซ็นๅปฮ็นง๏ฝณ','1','0', NOW() ,'SYSTEM', NOW() , NULL);
INSERT INTO anjob.COU_MST VALUES ( DEFAULT ,'็น่ผใ็น๏ฝญ็น๏ฝผ้ฒ๏ฝธ่ฒ๏ฝถ','298','0', NOW() ,'SYSTEM', NOW() , NULL);
INSERT INTO anjob.COU_MST VALUES ( DEFAULT ,'็น่ผใ็น๏ฝผ็นง๏ฝฏ็น๏ฝฉ็น๏ฝณ็น่ฝ๏ฝซ๏ฝธ่ฒ๏ฝถ','500','0', NOW() ,'SYSTEM', NOW() , NULL);
INSERT INTO anjob.COU_MST VALUES ( DEFAULT ,'็นๆถฮ็นง๏ฝธ็น๏ฝซ','55','0', NOW() ,'SYSTEM', NOW() , NULL);
INSERT INTO anjob.COU_MST VALUES ( DEFAULT ,'็น่ผฮ็น๏ฝณ็นง๏ฝน','33','0', NOW() ,'SYSTEM', NOW() , NULL);
INSERT INTO anjob.COU_MST VALUES ( DEFAULT ,'็น่ผฮ็น๏ฝณ็นง๏ฝน้ฌๅฅใ็นง๏ฝข็นใป,'594','0', NOW() ,'SYSTEM', NOW() , NULL);
INSERT INTO anjob.COU_MST VALUES ( DEFAULT ,'็น่ผฮ็น๏ฝณ็นง๏ฝน้ฌๅฅใป็น๏ฝช็น้ชใ็นง๏ฝข','689','0', NOW() ,'SYSTEM', NOW() , NULL);
INSERT INTO anjob.COU_MST VALUES ( DEFAULT ,'็นๆถฮ็นง๏ฝฌ็น๏ฝช็นง๏ฝข','359','0', NOW() ,'SYSTEM', NOW() , NULL);
INSERT INTO anjob.COU_MST VALUES ( DEFAULT ,'็นๆถฮ็นง๏ฝญ็น็ฟซใต็นง๏ฝก็นง๏ฝฝ','226','0', NOW() ,'SYSTEM', NOW() , NULL);
INSERT INTO anjob.COU_MST VALUES ( DEFAULT ,'็นๆถฮ็น้ชใ','673','0', NOW() ,'SYSTEM', NOW() , NULL);
INSERT INTO anjob.COU_MST VALUES ( DEFAULT ,'็นๆถฮ็น๏ฝณ็นง๏ฝธ','257','0', NOW() ,'SYSTEM', NOW() , NULL);
INSERT INTO anjob.COU_MST VALUES ( DEFAULT ,'็นๅถใช็น๏ฝณ','229','0', NOW() ,'SYSTEM', NOW() , NULL);
INSERT INTO anjob.COU_MST VALUES ( DEFAULT ,'็นๅถใญ็นง๏ฝบ็นง๏ฝจ็น๏ฝฉ','58','0', NOW() ,'SYSTEM', NOW() , NULL);
INSERT INTO anjob.COU_MST VALUES ( DEFAULT ,'็นๅถฮ็น๏ฝซ็น๏ฝผ็นง๏ฝท','375','0', NOW() ,'SYSTEM', NOW() , NULL);
INSERT INTO anjob.COU_MST VALUES ( DEFAULT ,'็นๅถฮ็น๏ฝผ็นง๏ฝบ','501','0', NOW() ,'SYSTEM', NOW() , NULL);
INSERT INTO anjob.COU_MST VALUES ( DEFAULT ,'็นๅฃนฮ็น๏ฝผ','51','0', NOW() ,'SYSTEM', NOW() , NULL);
INSERT INTO anjob.COU_MST VALUES ( DEFAULT ,'็นๅถฮ็นง๏ฝฎ็น๏ฝผ','32','0', NOW() ,'SYSTEM', NOW() , NULL);
INSERT INTO anjob.COU_MST VALUES ( DEFAULT ,'็นๆดใป็น๏ฝฉ็น๏ฝณ็นใป,'48','0', NOW() ,'SYSTEM', NOW() , NULL);
INSERT INTO anjob.COU_MST VALUES ( DEFAULT ,'็นๆใ็นไนใ็น๏ฝป็นๅฅฮ็นใปใ็นง๏ฝด็น่ใช','387','0', NOW() ,'SYSTEM', NOW() , NULL);
INSERT INTO anjob.COU_MST VALUES ( DEFAULT ,'็นๆใค็น๏ฝฏ็นใป,'267','0', NOW() ,'SYSTEM', NOW() , NULL);
INSERT INTO anjob.COU_MST VALUES ( DEFAULT ,'็นๆฮ็น่ใ','591','0', NOW() ,'SYSTEM', NOW() , NULL);
INSERT INTO anjob.COU_MST VALUES ( DEFAULT ,'็นๆดฮ็นๅปใ็น๏ฝซ','351','0', NOW() ,'SYSTEM', NOW() , NULL);
INSERT INTO anjob.COU_MST VALUES ( DEFAULT ,'็นๅธฮฆ็นง๏ฝธ็น๏ฝฅ็น๏ฝฉ็นง๏ฝน','504','0', NOW() ,'SYSTEM', NOW() , NULL);
INSERT INTO anjob.COU_MST VALUES ( DEFAULT ,'็นๆงญใป็นง๏ฝท็น๏ฝฃ็น๏ฝซ้ฒ๏ฝธ่ฒ๏ฝถ','692','0', NOW() ,'SYSTEM', NOW() , NULL);
INSERT INTO anjob.COU_MST VALUES ( DEFAULT ,'็นๆงญใ็นง๏ฝช','853','0', NOW() ,'SYSTEM', NOW() , NULL);
INSERT INTO anjob.COU_MST VALUES ( DEFAULT ,'็นๆงญใ็นๅณจใซ็นง๏ฝข','389','0', NOW() ,'SYSTEM', NOW() , NULL);
INSERT INTO anjob.COU_MST VALUES ( DEFAULT ,'็นๆงญใ็นง๏ฝฌ็นง๏ฝน็นง๏ฝซ็น๏ฝซ','261','0', NOW() ,'SYSTEM', NOW() , NULL);
INSERT INTO anjob.COU_MST VALUES ( DEFAULT ,'็นๆงญใง็นง๏ฝฃ็น๏ฝฉ้ฒ๏ฝธ่ฒ๏ฝถ','351','0', NOW() ,'SYSTEM', NOW() , NULL);
INSERT INTO anjob.COU_MST VALUES ( DEFAULT ,'็นๆงญฮ็นง๏ฝฆ็นง๏ฝค','265','0', NOW() ,'SYSTEM', NOW() , NULL);
INSERT INTO anjob.COU_MST VALUES ( DEFAULT ,'็นๆงญฮ','223','0', NOW() ,'SYSTEM', NOW() , NULL);
INSERT INTO anjob.COU_MST VALUES ( DEFAULT ,'็นๆงญฮ็นง๏ฝฟ','356','0', NOW() ,'SYSTEM', NOW() , NULL);
INSERT INTO anjob.COU_MST VALUES ( DEFAULT ,'็นๆงญฮ็นโใซ็น๏ฝผ็นง๏ฝฏ่ฒ๏ฝถ','596','0', NOW() ,'SYSTEM', NOW() , NULL);
INSERT INTO anjob.COU_MST VALUES ( DEFAULT ,'็นๆงญฮ็น๏ฝผ็นง๏ฝท็นง๏ฝข','60','0', NOW() ,'SYSTEM', NOW() , NULL);
INSERT INTO anjob.COU_MST VALUES ( DEFAULT ,'็นๆบใ็น๏ฝญ็น้ชใ็นง๏ฝข้จพ๏ฝฃ้ฉ๏ฝฆ','691','0', NOW() ,'SYSTEM', NOW() , NULL);
INSERT INTO anjob.COU_MST VALUES ( DEFAULT ,'่ๅฑใ็น่ผฮ็นง๏ฝซ','27','0', NOW() ,'SYSTEM', NOW() , NULL);
INSERT INTO anjob.COU_MST VALUES ( DEFAULT ,'็นๆบฮ็น๏ฝณ็นๆงญใป','95','0', NOW() ,'SYSTEM', NOW() , NULL);
INSERT INTO anjob.COU_MST VALUES ( DEFAULT ,'็น๏ฝก็นง๏ฝญ็นง๏ฝท็นง๏ฝณ','52','0', NOW() ,'SYSTEM', NOW() , NULL);
INSERT INTO anjob.COU_MST VALUES ( DEFAULT ,'็น๏ฝข็น๏ฝผ็น๏ฝช็นง๏ฝท็น๏ฝฃ็นง๏ฝน','230','0', NOW() ,'SYSTEM', NOW() , NULL);
INSERT INTO anjob.COU_MST VALUES ( DEFAULT ,'็น๏ฝข็น๏ฝผ็น๏ฝช็นง๏ฝฟ็นไนใ','222','0', NOW() ,'SYSTEM', NOW() , NULL);
INSERT INTO anjob.COU_MST VALUES ( DEFAULT ,'็น๏ฝข็นง๏ฝถ็น๏ฝณ็น่ใป็นง๏ฝฏ','258','0', NOW() ,'SYSTEM', NOW() , NULL);
INSERT INTO anjob.COU_MST VALUES ( DEFAULT ,'็น๏ฝข็น็ฟซใ','377','0', NOW() ,'SYSTEM', NOW() , NULL);
INSERT INTO anjob.COU_MST VALUES ( DEFAULT ,'็น๏ฝข็น๏ฝซ็นใปใ็นใป,'960','0', NOW() ,'SYSTEM', NOW() , NULL);
INSERT INTO anjob.COU_MST VALUES ( DEFAULT ,'็น๏ฝข็น๏ฝซ็นๅณจใฐ','373','0', NOW() ,'SYSTEM', NOW() , NULL);
INSERT INTO anjob.COU_MST VALUES ( DEFAULT ,'็น๏ฝข็น๏ฝญ็นใปใ','212','0', NOW() ,'SYSTEM', NOW() , NULL);
INSERT INTO anjob.COU_MST VALUES ( DEFAULT ,'็น๏ฝข็น๏ฝณ็นง๏ฝด็น๏ฝซ','976','0', NOW() ,'SYSTEM', NOW() , NULL);
INSERT INTO anjob.COU_MST VALUES ( DEFAULT ,'็น๏ฝข็น๏ฝณ็นง๏ฝป็น๏ฝฉ็นใปใจ','1','0', NOW() ,'SYSTEM', NOW() , NULL);
INSERT INTO anjob.COU_MST VALUES ( DEFAULT ,'็น๏ฝข็น๏ฝณ็นใปใญ็นง๏ฝฐ็น๏ฝญ','382','0', NOW() ,'SYSTEM', NOW() , NULL);
INSERT INTO anjob.COU_MST VALUES ( DEFAULT ,'็น๏ฝจ็น๏ฝซ็น็น๏ฝณ','962','0', NOW() ,'SYSTEM', NOW() , NULL);
INSERT INTO anjob.COU_MST VALUES ( DEFAULT ,'็น๏ฝฉ็นง๏ฝช็นง๏ฝน','856','0', NOW() ,'SYSTEM', NOW() , NULL);
INSERT INTO anjob.COU_MST VALUES ( DEFAULT ,'็น๏ฝฉ็นๅปใณ็นง๏ฝข','371','0', NOW() ,'SYSTEM', NOW() , NULL);
INSERT INTO anjob.COU_MST VALUES ( DEFAULT ,'็น๏ฝช็นๅปใ็นไนใ','370','0', NOW() ,'SYSTEM', NOW() , NULL);
INSERT INTO anjob.COU_MST VALUES ( DEFAULT ,'็น๏ฝช็น่ใ','218','0', NOW() ,'SYSTEM', NOW() , NULL);
INSERT INTO anjob.COU_MST VALUES ( DEFAULT ,'็น๏ฝช็นๅตใฆ็น๏ฝณ็นง๏ฝท็น๏ฝฅ็นง๏ฝฟ็นง๏ฝค็น๏ฝณ','423','0', NOW() ,'SYSTEM', NOW() , NULL);
INSERT INTO anjob.COU_MST VALUES ( DEFAULT ,'็น๏ฝช็นๅถฮ็นง๏ฝข','231','0', NOW() ,'SYSTEM', NOW() , NULL);
INSERT INTO anjob.COU_MST VALUES ( DEFAULT ,'็น๏ฝซ็น๏ฝผ็นๆงญใซ็นง๏ฝข','40','0', NOW() ,'SYSTEM', NOW() , NULL);
INSERT INTO anjob.COU_MST VALUES ( DEFAULT ,'็น๏ฝซ็นง๏ฝฏ็นง๏ฝป็น๏ฝณ็นๆถฮ็นง๏ฝฐ','352','0', NOW() ,'SYSTEM', NOW() , NULL);
INSERT INTO anjob.COU_MST VALUES ( DEFAULT ,'็น๏ฝซ็น๏ฝฏ็น๏ฝณ็น','250','0', NOW() ,'SYSTEM', NOW() , NULL);
INSERT INTO anjob.COU_MST VALUES ( DEFAULT ,'็น๏ฝฌ็นง๏ฝฝ็นใป,'266','0', NOW() ,'SYSTEM', NOW() , NULL);
INSERT INTO anjob.COU_MST VALUES ( DEFAULT ,'็น๏ฝฌ็น่ใฎ็น๏ฝณ','961','0', NOW() ,'SYSTEM', NOW() , NULL);
INSERT INTO anjob.COU_MST VALUES ( DEFAULT ,'็น๏ฝฌ็น๏ฝฆ็นไนใ็น๏ฝณ','262','0', NOW() ,'SYSTEM', NOW() , NULL);
