INSERT INTO JOBTYPE_MST(JOBTYPE_ID, INDUSTRY_ID, JOBTYPE_NM, CREATE_TIME, CREATE_BY, UPDATE_TIME) VALUES(DEFAULT, 1, '法人営業', NOW(), 'System', NOW());
INSERT INTO JOBTYPE_MST(JOBTYPE_ID, INDUSTRY_ID, JOBTYPE_NM, CREATE_TIME, CREATE_BY, UPDATE_TIME) VALUES(DEFAULT, 1, '個人営業', NOW(), 'System', NOW());
INSERT INTO JOBTYPE_MST(JOBTYPE_ID, INDUSTRY_ID, JOBTYPE_NM, CREATE_TIME, CREATE_BY, UPDATE_TIME) VALUES(DEFAULT, 1, 'ルート営業', NOW(), 'System', NOW());
INSERT INTO JOBTYPE_MST(JOBTYPE_ID, INDUSTRY_ID, JOBTYPE_NM, CREATE_TIME, CREATE_BY, UPDATE_TIME) VALUES(DEFAULT, 1, 'テレアポ', NOW(), 'System', NOW());
INSERT INTO JOBTYPE_MST(JOBTYPE_ID, INDUSTRY_ID, JOBTYPE_NM, CREATE_TIME, CREATE_BY, UPDATE_TIME) VALUES(DEFAULT, 1, '営業アシスタント', NOW(), 'System', NOW());
INSERT INTO JOBTYPE_MST(JOBTYPE_ID, INDUSTRY_ID, JOBTYPE_NM, CREATE_TIME, CREATE_BY, UPDATE_TIME) VALUES(DEFAULT, 1, 'コンサルタント', NOW(), 'System', NOW());
INSERT INTO JOBTYPE_MST(JOBTYPE_ID, INDUSTRY_ID, JOBTYPE_NM, CREATE_TIME, CREATE_BY, UPDATE_TIME) VALUES(DEFAULT, 1, 'コーディネーター', NOW(), 'System', NOW());
INSERT INTO JOBTYPE_MST(JOBTYPE_ID, INDUSTRY_ID, JOBTYPE_NM, CREATE_TIME, CREATE_BY, UPDATE_TIME) VALUES(DEFAULT, 1, '営業幹部候補', NOW(), 'System', NOW());
INSERT INTO JOBTYPE_MST(JOBTYPE_ID, INDUSTRY_ID, JOBTYPE_NM, CREATE_TIME, CREATE_BY, UPDATE_TIME) VALUES(DEFAULT, 1, '営業その他', NOW(), 'System', NOW());

INSERT INTO JOBTYPE_MST(JOBTYPE_ID, INDUSTRY_ID, JOBTYPE_NM, CREATE_TIME, CREATE_BY, UPDATE_TIME) VALUES(DEFAULT, 2, '一般事務', NOW(), 'System', NOW());
INSERT INTO JOBTYPE_MST(JOBTYPE_ID, INDUSTRY_ID, JOBTYPE_NM, CREATE_TIME, CREATE_BY, UPDATE_TIME) VALUES(DEFAULT, 2, '経理事務', NOW(), 'System', NOW());
INSERT INTO JOBTYPE_MST(JOBTYPE_ID, INDUSTRY_ID, JOBTYPE_NM, CREATE_TIME, CREATE_BY, UPDATE_TIME) VALUES(DEFAULT, 2, '営業事務', NOW(), 'System', NOW());
INSERT INTO JOBTYPE_MST(JOBTYPE_ID, INDUSTRY_ID, JOBTYPE_NM, CREATE_TIME, CREATE_BY, UPDATE_TIME) VALUES(DEFAULT, 2, '受付・秘書', NOW(), 'System', NOW());
INSERT INTO JOBTYPE_MST(JOBTYPE_ID, INDUSTRY_ID, JOBTYPE_NM, CREATE_TIME, CREATE_BY, UPDATE_TIME) VALUES(DEFAULT, 2, '伝票整理', NOW(), 'System', NOW());
INSERT INTO JOBTYPE_MST(JOBTYPE_ID, INDUSTRY_ID, JOBTYPE_NM, CREATE_TIME, CREATE_BY, UPDATE_TIME) VALUES(DEFAULT, 2, '電話対応', NOW(), 'System', NOW());
INSERT INTO JOBTYPE_MST(JOBTYPE_ID, INDUSTRY_ID, JOBTYPE_NM, CREATE_TIME, CREATE_BY, UPDATE_TIME) VALUES(DEFAULT, 2, '人事・法務', NOW(), 'System', NOW());
INSERT INTO JOBTYPE_MST(JOBTYPE_ID, INDUSTRY_ID, JOBTYPE_NM, CREATE_TIME, CREATE_BY, UPDATE_TIME) VALUES(DEFAULT, 2, '企画・広報', NOW(), 'System', NOW());
INSERT INTO JOBTYPE_MST(JOBTYPE_ID, INDUSTRY_ID, JOBTYPE_NM, CREATE_TIME, CREATE_BY, UPDATE_TIME) VALUES(DEFAULT, 2, '保険・金融', NOW(), 'System', NOW());
INSERT INTO JOBTYPE_MST(JOBTYPE_ID, INDUSTRY_ID, JOBTYPE_NM, CREATE_TIME, CREATE_BY, UPDATE_TIME) VALUES(DEFAULT, 2, '事務その他', NOW(), 'System', NOW());

INSERT INTO JOBTYPE_MST(JOBTYPE_ID, INDUSTRY_ID, JOBTYPE_NM, CREATE_TIME, CREATE_BY, UPDATE_TIME) VALUES(DEFAULT, 3, 'アパレル・靴', NOW(), 'System', NOW());
INSERT INTO JOBTYPE_MST(JOBTYPE_ID, INDUSTRY_ID, JOBTYPE_NM, CREATE_TIME, CREATE_BY, UPDATE_TIME) VALUES(DEFAULT, 3, 'コンビニ', NOW(), 'System', NOW());
INSERT INTO JOBTYPE_MST(JOBTYPE_ID, INDUSTRY_ID, JOBTYPE_NM, CREATE_TIME, CREATE_BY, UPDATE_TIME) VALUES(DEFAULT, 3, 'スーパー・デパート', NOW(), 'System', NOW());
INSERT INTO JOBTYPE_MST(JOBTYPE_ID, INDUSTRY_ID, JOBTYPE_NM, CREATE_TIME, CREATE_BY, UPDATE_TIME) VALUES(DEFAULT, 3, '家電量販店', NOW(), 'System', NOW());
INSERT INTO JOBTYPE_MST(JOBTYPE_ID, INDUSTRY_ID, JOBTYPE_NM, CREATE_TIME, CREATE_BY, UPDATE_TIME) VALUES(DEFAULT, 3, '携帯ショップ', NOW(), 'System', NOW());
INSERT INTO JOBTYPE_MST(JOBTYPE_ID, INDUSTRY_ID, JOBTYPE_NM, CREATE_TIME, CREATE_BY, UPDATE_TIME) VALUES(DEFAULT, 3, '雑貨販売', NOW(), 'System', NOW());
INSERT INTO JOBTYPE_MST(JOBTYPE_ID, INDUSTRY_ID, JOBTYPE_NM, CREATE_TIME, CREATE_BY, UPDATE_TIME) VALUES(DEFAULT, 3, '化粧品販売', NOW(), 'System', NOW());
INSERT INTO JOBTYPE_MST(JOBTYPE_ID, INDUSTRY_ID, JOBTYPE_NM, CREATE_TIME, CREATE_BY, UPDATE_TIME) VALUES(DEFAULT, 3, '書店・CDショップ', NOW(), 'System', NOW());
INSERT INTO JOBTYPE_MST(JOBTYPE_ID, INDUSTRY_ID, JOBTYPE_NM, CREATE_TIME, CREATE_BY, UPDATE_TIME) VALUES(DEFAULT, 3, 'ホームセンター', NOW(), 'System', NOW());
INSERT INTO JOBTYPE_MST(JOBTYPE_ID, INDUSTRY_ID, JOBTYPE_NM, CREATE_TIME, CREATE_BY, UPDATE_TIME) VALUES(DEFAULT, 3, 'アクセサリー', NOW(), 'System', NOW());
INSERT INTO JOBTYPE_MST(JOBTYPE_ID, INDUSTRY_ID, JOBTYPE_NM, CREATE_TIME, CREATE_BY, UPDATE_TIME) VALUES(DEFAULT, 3, 'フラワーショップ', NOW(), 'System', NOW());
INSERT INTO JOBTYPE_MST(JOBTYPE_ID, INDUSTRY_ID, JOBTYPE_NM, CREATE_TIME, CREATE_BY, UPDATE_TIME) VALUES(DEFAULT, 3, 'ペットショップ', NOW(), 'System', NOW());
INSERT INTO JOBTYPE_MST(JOBTYPE_ID, INDUSTRY_ID, JOBTYPE_NM, CREATE_TIME, CREATE_BY, UPDATE_TIME) VALUES(DEFAULT, 3, '店長', NOW(), 'System', NOW());
INSERT INTO JOBTYPE_MST(JOBTYPE_ID, INDUSTRY_ID, JOBTYPE_NM, CREATE_TIME, CREATE_BY, UPDATE_TIME) VALUES(DEFAULT, 3, '販売その他', NOW(), 'System', NOW());

INSERT INTO JOBTYPE_MST(JOBTYPE_ID, INDUSTRY_ID, JOBTYPE_NM, CREATE_TIME, CREATE_BY, UPDATE_TIME) VALUES(DEFAULT, 4, 'レストラン', NOW(), 'System', NOW());
INSERT INTO JOBTYPE_MST(JOBTYPE_ID, INDUSTRY_ID, JOBTYPE_NM, CREATE_TIME, CREATE_BY, UPDATE_TIME) VALUES(DEFAULT, 4, 'ファーストフード', NOW(), 'System', NOW());
INSERT INTO JOBTYPE_MST(JOBTYPE_ID, INDUSTRY_ID, JOBTYPE_NM, CREATE_TIME, CREATE_BY, UPDATE_TIME) VALUES(DEFAULT, 4, '居酒屋', NOW(), 'System', NOW());
INSERT INTO JOBTYPE_MST(JOBTYPE_ID, INDUSTRY_ID, JOBTYPE_NM, CREATE_TIME, CREATE_BY, UPDATE_TIME) VALUES(DEFAULT, 4, '喫茶店', NOW(), 'System', NOW());
INSERT INTO JOBTYPE_MST(JOBTYPE_ID, INDUSTRY_ID, JOBTYPE_NM, CREATE_TIME, CREATE_BY, UPDATE_TIME) VALUES(DEFAULT, 4, 'ラーメン', NOW(), 'System', NOW());
INSERT INTO JOBTYPE_MST(JOBTYPE_ID, INDUSTRY_ID, JOBTYPE_NM, CREATE_TIME, CREATE_BY, UPDATE_TIME) VALUES(DEFAULT, 4, '焼肉店', NOW(), 'System', NOW());
INSERT INTO JOBTYPE_MST(JOBTYPE_ID, INDUSTRY_ID, JOBTYPE_NM, CREATE_TIME, CREATE_BY, UPDATE_TIME) VALUES(DEFAULT, 4, '和食・定食', NOW(), 'System', NOW());
INSERT INTO JOBTYPE_MST(JOBTYPE_ID, INDUSTRY_ID, JOBTYPE_NM, CREATE_TIME, CREATE_BY, UPDATE_TIME) VALUES(DEFAULT, 4, 'フードコート', NOW(), 'System', NOW());
INSERT INTO JOBTYPE_MST(JOBTYPE_ID, INDUSTRY_ID, JOBTYPE_NM, CREATE_TIME, CREATE_BY, UPDATE_TIME) VALUES(DEFAULT, 4, 'パン屋', NOW(), 'System', NOW());
INSERT INTO JOBTYPE_MST(JOBTYPE_ID, INDUSTRY_ID, JOBTYPE_NM, CREATE_TIME, CREATE_BY, UPDATE_TIME) VALUES(DEFAULT, 4, '宅配', NOW(), 'System', NOW());
INSERT INTO JOBTYPE_MST(JOBTYPE_ID, INDUSTRY_ID, JOBTYPE_NM, CREATE_TIME, CREATE_BY, UPDATE_TIME) VALUES(DEFAULT, 4, 'お弁当', NOW(), 'System', NOW());
INSERT INTO JOBTYPE_MST(JOBTYPE_ID, INDUSTRY_ID, JOBTYPE_NM, CREATE_TIME, CREATE_BY, UPDATE_TIME) VALUES(DEFAULT, 4, '調理師', NOW(), 'System', NOW());
INSERT INTO JOBTYPE_MST(JOBTYPE_ID, INDUSTRY_ID, JOBTYPE_NM, CREATE_TIME, CREATE_BY, UPDATE_TIME) VALUES(DEFAULT, 4, 'ホールスタッフ', NOW(), 'System', NOW());
INSERT INTO JOBTYPE_MST(JOBTYPE_ID, INDUSTRY_ID, JOBTYPE_NM, CREATE_TIME, CREATE_BY, UPDATE_TIME) VALUES(DEFAULT, 4, 'キッチンスタッフ', NOW(), 'System', NOW());
INSERT INTO JOBTYPE_MST(JOBTYPE_ID, INDUSTRY_ID, JOBTYPE_NM, CREATE_TIME, CREATE_BY, UPDATE_TIME) VALUES(DEFAULT, 4, 'ホール＋キッチン', NOW(), 'System', NOW());
INSERT INTO JOBTYPE_MST(JOBTYPE_ID, INDUSTRY_ID, JOBTYPE_NM, CREATE_TIME, CREATE_BY, UPDATE_TIME) VALUES(DEFAULT, 4, '洗い場', NOW(), 'System', NOW());
INSERT INTO JOBTYPE_MST(JOBTYPE_ID, INDUSTRY_ID, JOBTYPE_NM, CREATE_TIME, CREATE_BY, UPDATE_TIME) VALUES(DEFAULT, 4, '試食', NOW(), 'System', NOW());
INSERT INTO JOBTYPE_MST(JOBTYPE_ID, INDUSTRY_ID, JOBTYPE_NM, CREATE_TIME, CREATE_BY, UPDATE_TIME) VALUES(DEFAULT, 4, '店長', NOW(), 'System', NOW());
INSERT INTO JOBTYPE_MST(JOBTYPE_ID, INDUSTRY_ID, JOBTYPE_NM, CREATE_TIME, CREATE_BY, UPDATE_TIME) VALUES(DEFAULT, 4, '飲食その他', NOW(), 'System', NOW());

INSERT INTO JOBTYPE_MST(JOBTYPE_ID, INDUSTRY_ID, JOBTYPE_NM, CREATE_TIME, CREATE_BY, UPDATE_TIME) VALUES(DEFAULT, 5, '不動産', NOW(), 'System', NOW());
INSERT INTO JOBTYPE_MST(JOBTYPE_ID, INDUSTRY_ID, JOBTYPE_NM, CREATE_TIME, CREATE_BY, UPDATE_TIME) VALUES(DEFAULT, 5, 'ガソリンスタンド', NOW(), 'System', NOW());
INSERT INTO JOBTYPE_MST(JOBTYPE_ID, INDUSTRY_ID, JOBTYPE_NM, CREATE_TIME, CREATE_BY, UPDATE_TIME) VALUES(DEFAULT, 5, 'クリーニング店', NOW(), 'System', NOW());
INSERT INTO JOBTYPE_MST(JOBTYPE_ID, INDUSTRY_ID, JOBTYPE_NM, CREATE_TIME, CREATE_BY, UPDATE_TIME) VALUES(DEFAULT, 5, 'レンタカー・中古車', NOW(), 'System', NOW());
INSERT INTO JOBTYPE_MST(JOBTYPE_ID, INDUSTRY_ID, JOBTYPE_NM, CREATE_TIME, CREATE_BY, UPDATE_TIME) VALUES(DEFAULT, 5, '旅行会社', NOW(), 'System', NOW());
INSERT INTO JOBTYPE_MST(JOBTYPE_ID, INDUSTRY_ID, JOBTYPE_NM, CREATE_TIME, CREATE_BY, UPDATE_TIME) VALUES(DEFAULT, 5, '葬儀', NOW(), 'System', NOW());
INSERT INTO JOBTYPE_MST(JOBTYPE_ID, INDUSTRY_ID, JOBTYPE_NM, CREATE_TIME, CREATE_BY, UPDATE_TIME) VALUES(DEFAULT, 5, '結婚式場', NOW(), 'System', NOW());
INSERT INTO JOBTYPE_MST(JOBTYPE_ID, INDUSTRY_ID, JOBTYPE_NM, CREATE_TIME, CREATE_BY, UPDATE_TIME) VALUES(DEFAULT, 5, '新聞店', NOW(), 'System', NOW());
INSERT INTO JOBTYPE_MST(JOBTYPE_ID, INDUSTRY_ID, JOBTYPE_NM, CREATE_TIME, CREATE_BY, UPDATE_TIME) VALUES(DEFAULT, 5, '引越し', NOW(), 'System', NOW());
INSERT INTO JOBTYPE_MST(JOBTYPE_ID, INDUSTRY_ID, JOBTYPE_NM, CREATE_TIME, CREATE_BY, UPDATE_TIME) VALUES(DEFAULT, 5, '洗車・タイヤ交換', NOW(), 'System', NOW());
INSERT INTO JOBTYPE_MST(JOBTYPE_ID, INDUSTRY_ID, JOBTYPE_NM, CREATE_TIME, CREATE_BY, UPDATE_TIME) VALUES(DEFAULT, 5, '警備員・監視員', NOW(), 'System', NOW());
INSERT INTO JOBTYPE_MST(JOBTYPE_ID, INDUSTRY_ID, JOBTYPE_NM, CREATE_TIME, CREATE_BY, UPDATE_TIME) VALUES(DEFAULT, 5, '交通誘導', NOW(), 'System', NOW());
INSERT INTO JOBTYPE_MST(JOBTYPE_ID, INDUSTRY_ID, JOBTYPE_NM, CREATE_TIME, CREATE_BY, UPDATE_TIME) VALUES(DEFAULT, 5, '清掃員', NOW(), 'System', NOW());
INSERT INTO JOBTYPE_MST(JOBTYPE_ID, INDUSTRY_ID, JOBTYPE_NM, CREATE_TIME, CREATE_BY, UPDATE_TIME) VALUES(DEFAULT, 5, 'ビル・ハウスクリーニング', NOW(), 'System', NOW());
INSERT INTO JOBTYPE_MST(JOBTYPE_ID, INDUSTRY_ID, JOBTYPE_NM, CREATE_TIME, CREATE_BY, UPDATE_TIME) VALUES(DEFAULT, 5, '管理人', NOW(), 'System', NOW());
INSERT INTO JOBTYPE_MST(JOBTYPE_ID, INDUSTRY_ID, JOBTYPE_NM, CREATE_TIME, CREATE_BY, UPDATE_TIME) VALUES(DEFAULT, 5, '検針員', NOW(), 'System', NOW());
INSERT INTO JOBTYPE_MST(JOBTYPE_ID, INDUSTRY_ID, JOBTYPE_NM, CREATE_TIME, CREATE_BY, UPDATE_TIME) VALUES(DEFAULT, 5, 'サンプリング', NOW(), 'System', NOW());
INSERT INTO JOBTYPE_MST(JOBTYPE_ID, INDUSTRY_ID, JOBTYPE_NM, CREATE_TIME, CREATE_BY, UPDATE_TIME) VALUES(DEFAULT, 5, '受付（サービス）', NOW(), 'System', NOW());
INSERT INTO JOBTYPE_MST(JOBTYPE_ID, INDUSTRY_ID, JOBTYPE_NM, CREATE_TIME, CREATE_BY, UPDATE_TIME) VALUES(DEFAULT, 5, '店長', NOW(), 'System', NOW());
INSERT INTO JOBTYPE_MST(JOBTYPE_ID, INDUSTRY_ID, JOBTYPE_NM, CREATE_TIME, CREATE_BY, UPDATE_TIME) VALUES(DEFAULT, 5, 'サービスその他', NOW(), 'System', NOW());

INSERT INTO JOBTYPE_MST(JOBTYPE_ID, INDUSTRY_ID, JOBTYPE_NM, CREATE_TIME, CREATE_BY, UPDATE_TIME) VALUES(DEFAULT, 6, 'カラオケ', NOW(), 'System', NOW());
INSERT INTO JOBTYPE_MST(JOBTYPE_ID, INDUSTRY_ID, JOBTYPE_NM, CREATE_TIME, CREATE_BY, UPDATE_TIME) VALUES(DEFAULT, 6, 'パチンコ', NOW(), 'System', NOW());
INSERT INTO JOBTYPE_MST(JOBTYPE_ID, INDUSTRY_ID, JOBTYPE_NM, CREATE_TIME, CREATE_BY, UPDATE_TIME) VALUES(DEFAULT, 6, '映画館・ゲームセンター', NOW(), 'System', NOW());
INSERT INTO JOBTYPE_MST(JOBTYPE_ID, INDUSTRY_ID, JOBTYPE_NM, CREATE_TIME, CREATE_BY, UPDATE_TIME) VALUES(DEFAULT, 6, '温泉', NOW(), 'System', NOW());
INSERT INTO JOBTYPE_MST(JOBTYPE_ID, INDUSTRY_ID, JOBTYPE_NM, CREATE_TIME, CREATE_BY, UPDATE_TIME) VALUES(DEFAULT, 6, 'ゴルフ場', NOW(), 'System', NOW());
INSERT INTO JOBTYPE_MST(JOBTYPE_ID, INDUSTRY_ID, JOBTYPE_NM, CREATE_TIME, CREATE_BY, UPDATE_TIME) VALUES(DEFAULT, 6, 'ジム・プール', NOW(), 'System', NOW());
INSERT INTO JOBTYPE_MST(JOBTYPE_ID, INDUSTRY_ID, JOBTYPE_NM, CREATE_TIME, CREATE_BY, UPDATE_TIME) VALUES(DEFAULT, 6, 'ホテル・旅館', NOW(), 'System', NOW());
INSERT INTO JOBTYPE_MST(JOBTYPE_ID, INDUSTRY_ID, JOBTYPE_NM, CREATE_TIME, CREATE_BY, UPDATE_TIME) VALUES(DEFAULT, 6, 'スキー場', NOW(), 'System', NOW());
INSERT INTO JOBTYPE_MST(JOBTYPE_ID, INDUSTRY_ID, JOBTYPE_NM, CREATE_TIME, CREATE_BY, UPDATE_TIME) VALUES(DEFAULT, 6, 'イベントスタッフ', NOW(), 'System', NOW());
INSERT INTO JOBTYPE_MST(JOBTYPE_ID, INDUSTRY_ID, JOBTYPE_NM, CREATE_TIME, CREATE_BY, UPDATE_TIME) VALUES(DEFAULT, 6, '店長・マネージャー', NOW(), 'System', NOW());
INSERT INTO JOBTYPE_MST(JOBTYPE_ID, INDUSTRY_ID, JOBTYPE_NM, CREATE_TIME, CREATE_BY, UPDATE_TIME) VALUES(DEFAULT, 6, 'イベントその他', NOW(), 'System', NOW());

INSERT INTO JOBTYPE_MST(JOBTYPE_ID, INDUSTRY_ID, JOBTYPE_NM, CREATE_TIME, CREATE_BY, UPDATE_TIME) VALUES(DEFAULT, 7, '塾講師・家庭教師', NOW(), 'System', NOW());
INSERT INTO JOBTYPE_MST(JOBTYPE_ID, INDUSTRY_ID, JOBTYPE_NM, CREATE_TIME, CREATE_BY, UPDATE_TIME) VALUES(DEFAULT, 7, '保育士・幼稚園教諭', NOW(), 'System', NOW());
INSERT INTO JOBTYPE_MST(JOBTYPE_ID, INDUSTRY_ID, JOBTYPE_NM, CREATE_TIME, CREATE_BY, UPDATE_TIME) VALUES(DEFAULT, 7, 'コーチ', NOW(), 'System', NOW());
INSERT INTO JOBTYPE_MST(JOBTYPE_ID, INDUSTRY_ID, JOBTYPE_NM, CREATE_TIME, CREATE_BY, UPDATE_TIME) VALUES(DEFAULT, 7, '試験監督', NOW(), 'System', NOW());
INSERT INTO JOBTYPE_MST(JOBTYPE_ID, INDUSTRY_ID, JOBTYPE_NM, CREATE_TIME, CREATE_BY, UPDATE_TIME) VALUES(DEFAULT, 7, '教育その他', NOW(), 'System', NOW());

INSERT INTO JOBTYPE_MST(JOBTYPE_ID, INDUSTRY_ID, JOBTYPE_NM, CREATE_TIME, CREATE_BY, UPDATE_TIME) VALUES(DEFAULT, 8, '理容師', NOW(), 'System', NOW());
INSERT INTO JOBTYPE_MST(JOBTYPE_ID, INDUSTRY_ID, JOBTYPE_NM, CREATE_TIME, CREATE_BY, UPDATE_TIME) VALUES(DEFAULT, 8, '美容師', NOW(), 'System', NOW());
INSERT INTO JOBTYPE_MST(JOBTYPE_ID, INDUSTRY_ID, JOBTYPE_NM, CREATE_TIME, CREATE_BY, UPDATE_TIME) VALUES(DEFAULT, 8, 'ヘアメイク・着付け', NOW(), 'System', NOW());
INSERT INTO JOBTYPE_MST(JOBTYPE_ID, INDUSTRY_ID, JOBTYPE_NM, CREATE_TIME, CREATE_BY, UPDATE_TIME) VALUES(DEFAULT, 8, 'エステ・ネイル', NOW(), 'System', NOW());
INSERT INTO JOBTYPE_MST(JOBTYPE_ID, INDUSTRY_ID, JOBTYPE_NM, CREATE_TIME, CREATE_BY, UPDATE_TIME) VALUES(DEFAULT, 8, 'リラクゼーション', NOW(), 'System', NOW());
INSERT INTO JOBTYPE_MST(JOBTYPE_ID, INDUSTRY_ID, JOBTYPE_NM, CREATE_TIME, CREATE_BY, UPDATE_TIME) VALUES(DEFAULT, 8, '受付（理・美容）', NOW(), 'System', NOW());
INSERT INTO JOBTYPE_MST(JOBTYPE_ID, INDUSTRY_ID, JOBTYPE_NM, CREATE_TIME, CREATE_BY, UPDATE_TIME) VALUES(DEFAULT, 8, '店長・マネージャー', NOW(), 'System', NOW());
INSERT INTO JOBTYPE_MST(JOBTYPE_ID, INDUSTRY_ID, JOBTYPE_NM, CREATE_TIME, CREATE_BY, UPDATE_TIME) VALUES(DEFAULT, 8, 'アシスタント（理美容）', NOW(), 'System', NOW());
INSERT INTO JOBTYPE_MST(JOBTYPE_ID, INDUSTRY_ID, JOBTYPE_NM, CREATE_TIME, CREATE_BY, UPDATE_TIME) VALUES(DEFAULT, 8, '理・美容その他', NOW(), 'System', NOW());

INSERT INTO JOBTYPE_MST(JOBTYPE_ID, INDUSTRY_ID, JOBTYPE_NM, CREATE_TIME, CREATE_BY, UPDATE_TIME) VALUES(DEFAULT, 9, '看護師', NOW(), 'System', NOW());
INSERT INTO JOBTYPE_MST(JOBTYPE_ID, INDUSTRY_ID, JOBTYPE_NM, CREATE_TIME, CREATE_BY, UPDATE_TIME) VALUES(DEFAULT, 9, '准看護師', NOW(), 'System', NOW());
INSERT INTO JOBTYPE_MST(JOBTYPE_ID, INDUSTRY_ID, JOBTYPE_NM, CREATE_TIME, CREATE_BY, UPDATE_TIME) VALUES(DEFAULT, 9, '看護助手', NOW(), 'System', NOW());
INSERT INTO JOBTYPE_MST(JOBTYPE_ID, INDUSTRY_ID, JOBTYPE_NM, CREATE_TIME, CREATE_BY, UPDATE_TIME) VALUES(DEFAULT, 9, '助産師', NOW(), 'System', NOW());
INSERT INTO JOBTYPE_MST(JOBTYPE_ID, INDUSTRY_ID, JOBTYPE_NM, CREATE_TIME, CREATE_BY, UPDATE_TIME) VALUES(DEFAULT, 9, '保健師', NOW(), 'System', NOW());
INSERT INTO JOBTYPE_MST(JOBTYPE_ID, INDUSTRY_ID, JOBTYPE_NM, CREATE_TIME, CREATE_BY, UPDATE_TIME) VALUES(DEFAULT, 9, '医療事務・受付', NOW(), 'System', NOW());
INSERT INTO JOBTYPE_MST(JOBTYPE_ID, INDUSTRY_ID, JOBTYPE_NM, CREATE_TIME, CREATE_BY, UPDATE_TIME) VALUES(DEFAULT, 9, '医療技術者', NOW(), 'System', NOW());
INSERT INTO JOBTYPE_MST(JOBTYPE_ID, INDUSTRY_ID, JOBTYPE_NM, CREATE_TIME, CREATE_BY, UPDATE_TIME) VALUES(DEFAULT, 9, '介護福祉士', NOW(), 'System', NOW());
INSERT INTO JOBTYPE_MST(JOBTYPE_ID, INDUSTRY_ID, JOBTYPE_NM, CREATE_TIME, CREATE_BY, UPDATE_TIME) VALUES(DEFAULT, 9, 'ケアマネージャー', NOW(), 'System', NOW());
INSERT INTO JOBTYPE_MST(JOBTYPE_ID, INDUSTRY_ID, JOBTYPE_NM, CREATE_TIME, CREATE_BY, UPDATE_TIME) VALUES(DEFAULT, 9, '介護職員・ヘルパー', NOW(), 'System', NOW());
INSERT INTO JOBTYPE_MST(JOBTYPE_ID, INDUSTRY_ID, JOBTYPE_NM, CREATE_TIME, CREATE_BY, UPDATE_TIME) VALUES(DEFAULT, 9, '介護事務', NOW(), 'System', NOW());
INSERT INTO JOBTYPE_MST(JOBTYPE_ID, INDUSTRY_ID, JOBTYPE_NM, CREATE_TIME, CREATE_BY, UPDATE_TIME) VALUES(DEFAULT, 9, '歯科衛生士', NOW(), 'System', NOW());
INSERT INTO JOBTYPE_MST(JOBTYPE_ID, INDUSTRY_ID, JOBTYPE_NM, CREATE_TIME, CREATE_BY, UPDATE_TIME) VALUES(DEFAULT, 9, '薬剤師', NOW(), 'System', NOW());
INSERT INTO JOBTYPE_MST(JOBTYPE_ID, INDUSTRY_ID, JOBTYPE_NM, CREATE_TIME, CREATE_BY, UPDATE_TIME) VALUES(DEFAULT, 9, '整体師・柔道整復師', NOW(), 'System', NOW());
INSERT INTO JOBTYPE_MST(JOBTYPE_ID, INDUSTRY_ID, JOBTYPE_NM, CREATE_TIME, CREATE_BY, UPDATE_TIME) VALUES(DEFAULT, 9, '栄養士・管理栄養士', NOW(), 'System', NOW());
INSERT INTO JOBTYPE_MST(JOBTYPE_ID, INDUSTRY_ID, JOBTYPE_NM, CREATE_TIME, CREATE_BY, UPDATE_TIME) VALUES(DEFAULT, 9, '施設内調理・調理補助', NOW(), 'System', NOW());
INSERT INTO JOBTYPE_MST(JOBTYPE_ID, INDUSTRY_ID, JOBTYPE_NM, CREATE_TIME, CREATE_BY, UPDATE_TIME) VALUES(DEFAULT, 9, '作業療法士', NOW(), 'System', NOW());
INSERT INTO JOBTYPE_MST(JOBTYPE_ID, INDUSTRY_ID, JOBTYPE_NM, CREATE_TIME, CREATE_BY, UPDATE_TIME) VALUES(DEFAULT, 9, '理学療法士', NOW(), 'System', NOW());
INSERT INTO JOBTYPE_MST(JOBTYPE_ID, INDUSTRY_ID, JOBTYPE_NM, CREATE_TIME, CREATE_BY, UPDATE_TIME) VALUES(DEFAULT, 9, '児童指導員', NOW(), 'System', NOW());
INSERT INTO JOBTYPE_MST(JOBTYPE_ID, INDUSTRY_ID, JOBTYPE_NM, CREATE_TIME, CREATE_BY, UPDATE_TIME) VALUES(DEFAULT, 9, '相談員', NOW(), 'System', NOW());
INSERT INTO JOBTYPE_MST(JOBTYPE_ID, INDUSTRY_ID, JOBTYPE_NM, CREATE_TIME, CREATE_BY, UPDATE_TIME) VALUES(DEFAULT, 9, 'サービス提供責任者', NOW(), 'System', NOW());
INSERT INTO JOBTYPE_MST(JOBTYPE_ID, INDUSTRY_ID, JOBTYPE_NM, CREATE_TIME, CREATE_BY, UPDATE_TIME) VALUES(DEFAULT, 9, '職業指導員', NOW(), 'System', NOW());
INSERT INTO JOBTYPE_MST(JOBTYPE_ID, INDUSTRY_ID, JOBTYPE_NM, CREATE_TIME, CREATE_BY, UPDATE_TIME) VALUES(DEFAULT, 9, '医療・介護その他', NOW(), 'System', NOW());

INSERT INTO JOBTYPE_MST(JOBTYPE_ID, INDUSTRY_ID, JOBTYPE_NM, CREATE_TIME, CREATE_BY, UPDATE_TIME) VALUES(DEFAULT, 10, '小・中型ドライバー', NOW(), 'System', NOW());
INSERT INTO JOBTYPE_MST(JOBTYPE_ID, INDUSTRY_ID, JOBTYPE_NM, CREATE_TIME, CREATE_BY, UPDATE_TIME) VALUES(DEFAULT, 10, '大型ドライバー', NOW(), 'System', NOW());
INSERT INTO JOBTYPE_MST(JOBTYPE_ID, INDUSTRY_ID, JOBTYPE_NM, CREATE_TIME, CREATE_BY, UPDATE_TIME) VALUES(DEFAULT, 10, 'その他ドライバー', NOW(), 'System', NOW());
INSERT INTO JOBTYPE_MST(JOBTYPE_ID, INDUSTRY_ID, JOBTYPE_NM, CREATE_TIME, CREATE_BY, UPDATE_TIME) VALUES(DEFAULT, 10, 'タクシー・バス運転手', NOW(), 'System', NOW());
INSERT INTO JOBTYPE_MST(JOBTYPE_ID, INDUSTRY_ID, JOBTYPE_NM, CREATE_TIME, CREATE_BY, UPDATE_TIME) VALUES(DEFAULT, 10, 'バイク便', NOW(), 'System', NOW());
INSERT INTO JOBTYPE_MST(JOBTYPE_ID, INDUSTRY_ID, JOBTYPE_NM, CREATE_TIME, CREATE_BY, UPDATE_TIME) VALUES(DEFAULT, 10, 'ドライバー助手', NOW(), 'System', NOW());
INSERT INTO JOBTYPE_MST(JOBTYPE_ID, INDUSTRY_ID, JOBTYPE_NM, CREATE_TIME, CREATE_BY, UPDATE_TIME) VALUES(DEFAULT, 10, '配車・点呼員', NOW(), 'System', NOW());
INSERT INTO JOBTYPE_MST(JOBTYPE_ID, INDUSTRY_ID, JOBTYPE_NM, CREATE_TIME, CREATE_BY, UPDATE_TIME) VALUES(DEFAULT, 10, '送迎ドライバー', NOW(), 'System', NOW());
INSERT INTO JOBTYPE_MST(JOBTYPE_ID, INDUSTRY_ID, JOBTYPE_NM, CREATE_TIME, CREATE_BY, UPDATE_TIME) VALUES(DEFAULT, 10, '宅配・配達', NOW(), 'System', NOW());
INSERT INTO JOBTYPE_MST(JOBTYPE_ID, INDUSTRY_ID, JOBTYPE_NM, CREATE_TIME, CREATE_BY, UPDATE_TIME) VALUES(DEFAULT, 10, '軽貨物', NOW(), 'System', NOW());
INSERT INTO JOBTYPE_MST(JOBTYPE_ID, INDUSTRY_ID, JOBTYPE_NM, CREATE_TIME, CREATE_BY, UPDATE_TIME) VALUES(DEFAULT, 10, '新聞配達・牛乳配達', NOW(), 'System', NOW());
INSERT INTO JOBTYPE_MST(JOBTYPE_ID, INDUSTRY_ID, JOBTYPE_NM, CREATE_TIME, CREATE_BY, UPDATE_TIME) VALUES(DEFAULT, 10, '配達その他', NOW(), 'System', NOW());

INSERT INTO JOBTYPE_MST(JOBTYPE_ID, INDUSTRY_ID, JOBTYPE_NM, CREATE_TIME, CREATE_BY, UPDATE_TIME) VALUES(DEFAULT, 11, '組立・仕分け・梱包', NOW(), 'System', NOW());
INSERT INTO JOBTYPE_MST(JOBTYPE_ID, INDUSTRY_ID, JOBTYPE_NM, CREATE_TIME, CREATE_BY, UPDATE_TIME) VALUES(DEFAULT, 11, '軽作業', NOW(), 'System', NOW());
INSERT INTO JOBTYPE_MST(JOBTYPE_ID, INDUSTRY_ID, JOBTYPE_NM, CREATE_TIME, CREATE_BY, UPDATE_TIME) VALUES(DEFAULT, 11, '食品製造・検査・梱包', NOW(), 'System', NOW());
INSERT INTO JOBTYPE_MST(JOBTYPE_ID, INDUSTRY_ID, JOBTYPE_NM, CREATE_TIME, CREATE_BY, UPDATE_TIME) VALUES(DEFAULT, 11, '機械加工', NOW(), 'System', NOW());
INSERT INTO JOBTYPE_MST(JOBTYPE_ID, INDUSTRY_ID, JOBTYPE_NM, CREATE_TIME, CREATE_BY, UPDATE_TIME) VALUES(DEFAULT, 11, 'クレーン作業', NOW(), 'System', NOW());
INSERT INTO JOBTYPE_MST(JOBTYPE_ID, INDUSTRY_ID, JOBTYPE_NM, CREATE_TIME, CREATE_BY, UPDATE_TIME) VALUES(DEFAULT, 11, '機械メンテナンス', NOW(), 'System', NOW());
INSERT INTO JOBTYPE_MST(JOBTYPE_ID, INDUSTRY_ID, JOBTYPE_NM, CREATE_TIME, CREATE_BY, UPDATE_TIME) VALUES(DEFAULT, 11, '品質管理・生産管理', NOW(), 'System', NOW());
INSERT INTO JOBTYPE_MST(JOBTYPE_ID, INDUSTRY_ID, JOBTYPE_NM, CREATE_TIME, CREATE_BY, UPDATE_TIME) VALUES(DEFAULT, 11, '設備保全・設備管理', NOW(), 'System', NOW());
INSERT INTO JOBTYPE_MST(JOBTYPE_ID, INDUSTRY_ID, JOBTYPE_NM, CREATE_TIME, CREATE_BY, UPDATE_TIME) VALUES(DEFAULT, 11, '内職・在宅ワーク', NOW(), 'System', NOW());
INSERT INTO JOBTYPE_MST(JOBTYPE_ID, INDUSTRY_ID, JOBTYPE_NM, CREATE_TIME, CREATE_BY, UPDATE_TIME) VALUES(DEFAULT, 11, 'ラインオペレーター', NOW(), 'System', NOW());
INSERT INTO JOBTYPE_MST(JOBTYPE_ID, INDUSTRY_ID, JOBTYPE_NM, CREATE_TIME, CREATE_BY, UPDATE_TIME) VALUES(DEFAULT, 11, 'CAD/CAMオペレーター', NOW(), 'System', NOW());
INSERT INTO JOBTYPE_MST(JOBTYPE_ID, INDUSTRY_ID, JOBTYPE_NM, CREATE_TIME, CREATE_BY, UPDATE_TIME) VALUES(DEFAULT, 11, '溶接', NOW(), 'System', NOW());
INSERT INTO JOBTYPE_MST(JOBTYPE_ID, INDUSTRY_ID, JOBTYPE_NM, CREATE_TIME, CREATE_BY, UPDATE_TIME) VALUES(DEFAULT, 11, '製品製造・加工', NOW(), 'System', NOW());
INSERT INTO JOBTYPE_MST(JOBTYPE_ID, INDUSTRY_ID, JOBTYPE_NM, CREATE_TIME, CREATE_BY, UPDATE_TIME) VALUES(DEFAULT, 11, '製造・工場その他', NOW(), 'System', NOW());

INSERT INTO JOBTYPE_MST(JOBTYPE_ID, INDUSTRY_ID, JOBTYPE_NM, CREATE_TIME, CREATE_BY, UPDATE_TIME) VALUES(DEFAULT, 12, 'システムエンジニア・プログラマー', NOW(), 'System', NOW());
INSERT INTO JOBTYPE_MST(JOBTYPE_ID, INDUSTRY_ID, JOBTYPE_NM, CREATE_TIME, CREATE_BY, UPDATE_TIME) VALUES(DEFAULT, 12, 'OA関連', NOW(), 'System', NOW());
INSERT INTO JOBTYPE_MST(JOBTYPE_ID, INDUSTRY_ID, JOBTYPE_NM, CREATE_TIME, CREATE_BY, UPDATE_TIME) VALUES(DEFAULT, 12, 'ユーザーサポート', NOW(), 'System', NOW());
INSERT INTO JOBTYPE_MST(JOBTYPE_ID, INDUSTRY_ID, JOBTYPE_NM, CREATE_TIME, CREATE_BY, UPDATE_TIME) VALUES(DEFAULT, 12, 'IT・エンジニアその他', NOW(), 'System', NOW());

INSERT INTO JOBTYPE_MST(JOBTYPE_ID, INDUSTRY_ID, JOBTYPE_NM, CREATE_TIME, CREATE_BY, UPDATE_TIME) VALUES(DEFAULT, 13, 'WEBデザイナー', NOW(), 'System', NOW());
INSERT INTO JOBTYPE_MST(JOBTYPE_ID, INDUSTRY_ID, JOBTYPE_NM, CREATE_TIME, CREATE_BY, UPDATE_TIME) VALUES(DEFAULT, 13, 'デザイナー・イラストレーター', NOW(), 'System', NOW());
INSERT INTO JOBTYPE_MST(JOBTYPE_ID, INDUSTRY_ID, JOBTYPE_NM, CREATE_TIME, CREATE_BY, UPDATE_TIME) VALUES(DEFAULT, 13, 'DTPオペレーター', NOW(), 'System', NOW());
INSERT INTO JOBTYPE_MST(JOBTYPE_ID, INDUSTRY_ID, JOBTYPE_NM, CREATE_TIME, CREATE_BY, UPDATE_TIME) VALUES(DEFAULT, 13, '設計・製図', NOW(), 'System', NOW());
INSERT INTO JOBTYPE_MST(JOBTYPE_ID, INDUSTRY_ID, JOBTYPE_NM, CREATE_TIME, CREATE_BY, UPDATE_TIME) VALUES(DEFAULT, 13, '印刷・製本', NOW(), 'System', NOW());
INSERT INTO JOBTYPE_MST(JOBTYPE_ID, INDUSTRY_ID, JOBTYPE_NM, CREATE_TIME, CREATE_BY, UPDATE_TIME) VALUES(DEFAULT, 13, '校正・編集', NOW(), 'System', NOW());
INSERT INTO JOBTYPE_MST(JOBTYPE_ID, INDUSTRY_ID, JOBTYPE_NM, CREATE_TIME, CREATE_BY, UPDATE_TIME) VALUES(DEFAULT, 13, 'ライター・記者', NOW(), 'System', NOW());
INSERT INTO JOBTYPE_MST(JOBTYPE_ID, INDUSTRY_ID, JOBTYPE_NM, CREATE_TIME, CREATE_BY, UPDATE_TIME) VALUES(DEFAULT, 13, 'マスコミ関連', NOW(), 'System', NOW());
INSERT INTO JOBTYPE_MST(JOBTYPE_ID, INDUSTRY_ID, JOBTYPE_NM, CREATE_TIME, CREATE_BY, UPDATE_TIME) VALUES(DEFAULT, 13, '編集・出版その他', NOW(), 'System', NOW());

INSERT INTO JOBTYPE_MST(JOBTYPE_ID, INDUSTRY_ID, JOBTYPE_NM, CREATE_TIME, CREATE_BY, UPDATE_TIME) VALUES(DEFAULT, 14, '調理師・栄養士', NOW(), 'System', NOW());
INSERT INTO JOBTYPE_MST(JOBTYPE_ID, INDUSTRY_ID, JOBTYPE_NM, CREATE_TIME, CREATE_BY, UPDATE_TIME) VALUES(DEFAULT, 14, '税理士・会計士', NOW(), 'System', NOW());
INSERT INTO JOBTYPE_MST(JOBTYPE_ID, INDUSTRY_ID, JOBTYPE_NM, CREATE_TIME, CREATE_BY, UPDATE_TIME) VALUES(DEFAULT, 14, '通訳・翻訳', NOW(), 'System', NOW());
INSERT INTO JOBTYPE_MST(JOBTYPE_ID, INDUSTRY_ID, JOBTYPE_NM, CREATE_TIME, CREATE_BY, UPDATE_TIME) VALUES(DEFAULT, 14, 'トリマー', NOW(), 'System', NOW());
INSERT INTO JOBTYPE_MST(JOBTYPE_ID, INDUSTRY_ID, JOBTYPE_NM, CREATE_TIME, CREATE_BY, UPDATE_TIME) VALUES(DEFAULT, 14, '研究・開発関連', NOW(), 'System', NOW());
INSERT INTO JOBTYPE_MST(JOBTYPE_ID, INDUSTRY_ID, JOBTYPE_NM, CREATE_TIME, CREATE_BY, UPDATE_TIME) VALUES(DEFAULT, 14, 'マッサージ師・鍼灸師', NOW(), 'System', NOW());
INSERT INTO JOBTYPE_MST(JOBTYPE_ID, INDUSTRY_ID, JOBTYPE_NM, CREATE_TIME, CREATE_BY, UPDATE_TIME) VALUES(DEFAULT, 14, '整備士', NOW(), 'System', NOW());
INSERT INTO JOBTYPE_MST(JOBTYPE_ID, INDUSTRY_ID, JOBTYPE_NM, CREATE_TIME, CREATE_BY, UPDATE_TIME) VALUES(DEFAULT, 14, '警察官・自衛官', NOW(), 'System', NOW());
INSERT INTO JOBTYPE_MST(JOBTYPE_ID, INDUSTRY_ID, JOBTYPE_NM, CREATE_TIME, CREATE_BY, UPDATE_TIME) VALUES(DEFAULT, 14, '修理・メンテナンス', NOW(), 'System', NOW());
INSERT INTO JOBTYPE_MST(JOBTYPE_ID, INDUSTRY_ID, JOBTYPE_NM, CREATE_TIME, CREATE_BY, UPDATE_TIME) VALUES(DEFAULT, 14, '塗装', NOW(), 'System', NOW());
INSERT INTO JOBTYPE_MST(JOBTYPE_ID, INDUSTRY_ID, JOBTYPE_NM, CREATE_TIME, CREATE_BY, UPDATE_TIME) VALUES(DEFAULT, 14, '溶接・板金', NOW(), 'System', NOW());
INSERT INTO JOBTYPE_MST(JOBTYPE_ID, INDUSTRY_ID, JOBTYPE_NM, CREATE_TIME, CREATE_BY, UPDATE_TIME) VALUES(DEFAULT, 14, '電気･水道･ガス工事', NOW(), 'System', NOW());
INSERT INTO JOBTYPE_MST(JOBTYPE_ID, INDUSTRY_ID, JOBTYPE_NM, CREATE_TIME, CREATE_BY, UPDATE_TIME) VALUES(DEFAULT, 14, '造園', NOW(), 'System', NOW());
INSERT INTO JOBTYPE_MST(JOBTYPE_ID, INDUSTRY_ID, JOBTYPE_NM, CREATE_TIME, CREATE_BY, UPDATE_TIME) VALUES(DEFAULT, 14, '専門職その他', NOW(), 'System', NOW());

INSERT INTO JOBTYPE_MST(JOBTYPE_ID, INDUSTRY_ID, JOBTYPE_NM, CREATE_TIME, CREATE_BY, UPDATE_TIME) VALUES(DEFAULT, 15, '建築士', NOW(), 'System', NOW());
INSERT INTO JOBTYPE_MST(JOBTYPE_ID, INDUSTRY_ID, JOBTYPE_NM, CREATE_TIME, CREATE_BY, UPDATE_TIME) VALUES(DEFAULT, 15, '土木工事関連', NOW(), 'System', NOW());
INSERT INTO JOBTYPE_MST(JOBTYPE_ID, INDUSTRY_ID, JOBTYPE_NM, CREATE_TIME, CREATE_BY, UPDATE_TIME) VALUES(DEFAULT, 15, '重機オペレーター', NOW(), 'System', NOW());
INSERT INTO JOBTYPE_MST(JOBTYPE_ID, INDUSTRY_ID, JOBTYPE_NM, CREATE_TIME, CREATE_BY, UPDATE_TIME) VALUES(DEFAULT, 15, '現場監督', NOW(), 'System', NOW());
INSERT INTO JOBTYPE_MST(JOBTYPE_ID, INDUSTRY_ID, JOBTYPE_NM, CREATE_TIME, CREATE_BY, UPDATE_TIME) VALUES(DEFAULT, 15, '大工・鳶・職人', NOW(), 'System', NOW());
INSERT INTO JOBTYPE_MST(JOBTYPE_ID, INDUSTRY_ID, JOBTYPE_NM, CREATE_TIME, CREATE_BY, UPDATE_TIME) VALUES(DEFAULT, 15, '玉掛け・クレーン', NOW(), 'System', NOW());
INSERT INTO JOBTYPE_MST(JOBTYPE_ID, INDUSTRY_ID, JOBTYPE_NM, CREATE_TIME, CREATE_BY, UPDATE_TIME) VALUES(DEFAULT, 15, '農林漁畜業', NOW(), 'System', NOW());
INSERT INTO JOBTYPE_MST(JOBTYPE_ID, INDUSTRY_ID, JOBTYPE_NM, CREATE_TIME, CREATE_BY, UPDATE_TIME) VALUES(DEFAULT, 15, '除染作業員', NOW(), 'System', NOW());
INSERT INTO JOBTYPE_MST(JOBTYPE_ID, INDUSTRY_ID, JOBTYPE_NM, CREATE_TIME, CREATE_BY, UPDATE_TIME) VALUES(DEFAULT, 15, '土木・農水産その他', NOW(), 'System', NOW());